EarthRef.org -- GERM Partition Coefficient (Kd) Database												
Database development and maintenance by the PACER Team -- Data contribution by Roger Nielsen												
												
DATA:												
Rock Type	Mineral	Z	Elem	Value	SD	Low	High	Kd Type	Reference	Definition	Notes	Inserted
Basanite	Orthopyroxene	3	Li	0.28	0.02			Experimental	Adam & Green 2006	Solid-Melt		08-DEC-2008
Basanite	Orthopyroxene	4	Be	0.06	0.02			Experimental	Adam & Green 2006	Solid-Melt		08-DEC-2008
Basanite	Orthopyroxene	5	B				0.0003	Experimental	Adam & Green 2006	Solid-Melt		08-DEC-2008
Basanite	Orthopyroxene	12	Mg	3.4	0.12			Experimental	Adam & Green 2006	Solid-Melt		08-DEC-2008
Basanite	Orthopyroxene	13	Al	0.43	0.02			Experimental	Adam & Green 2006	Solid-Melt		08-DEC-2008
Basanite	Orthopyroxene	15	P	0.007	0.002			Experimental	Adam & Green 2006	Solid-Melt		08-DEC-2008
Basanite	Orthopyroxene	20	Ca	0.19	0			Experimental	Adam & Green 2006	Solid-Melt		08-DEC-2008
Basanite	Orthopyroxene	21	Sc	0.64	0			Experimental	Adam & Green 2006	Solid-Melt		08-DEC-2008
Basanite	Orthopyroxene	22	Ti	0.1	0			Experimental	Adam & Green 2006	Solid-Melt		08-DEC-2008
Basanite	Orthopyroxene	23	V	1.65	0.06			Experimental	Adam & Green 2006	Solid-Melt		08-DEC-2008
Basanite	Orthopyroxene	24	Cr	7.78	0.65			Experimental	Adam & Green 2006	Solid-Melt		08-DEC-2008
Basanite	Orthopyroxene	27	Co	2.06	0.08			Experimental	Adam & Green 2006	Solid-Melt		08-DEC-2008
Basanite	Orthopyroxene	28	Ni	11.3	1.7			Experimental	Adam & Green 2006	Solid-Melt		08-DEC-2008
Basanite	Orthopyroxene	29	Cu	2.8	0			Experimental	Adam & Green 2006	Solid-Melt		08-DEC-2008
Basanite	Orthopyroxene	30	Zn	0.66	0.03			Experimental	Adam & Green 2006	Solid-Melt		08-DEC-2008
Basanite	Orthopyroxene	31	Ga	0.38	0.02			Experimental	Adam & Green 2006	Solid-Melt		08-DEC-2008
Basanite	Orthopyroxene	32	Ge	1.36	0.07			Experimental	Adam & Green 2006	Solid-Melt		08-DEC-2008
Basanite	Orthopyroxene	33	As				0.006	Experimental	Adam & Green 2006	Solid-Melt		08-DEC-2008
Basanite	Orthopyroxene	37	Rb	0.0038	0.0004			Experimental	Adam & Green 2006	Solid-Melt		08-DEC-2008
Basanite	Orthopyroxene	38	Sr	0.0019	0.0001			Experimental	Adam & Green 2006	Solid-Melt		08-DEC-2008
Basanite	Orthopyroxene	39	Y	0.046	0.003			Experimental	Adam & Green 2006	Solid-Melt		08-DEC-2008
Basanite	Orthopyroxene	40	Zr	0.0099	0.0005			Experimental	Adam & Green 2006	Solid-Melt		08-DEC-2008
Basanite	Orthopyroxene	41	Nb	0.0007	0.0001			Experimental	Adam & Green 2006	Solid-Melt		08-DEC-2008
Basanite	Orthopyroxene	42	Mo	0.0039	0.0003			Experimental	Adam & Green 2006	Solid-Melt		08-DEC-2008
Basanite	Orthopyroxene	47	Ag				0.008	Experimental	Adam & Green 2006	Solid-Melt		08-DEC-2008
Basanite	Orthopyroxene	48	Cd	0.48	0.08			Experimental	Adam & Green 2006	Solid-Melt		08-DEC-2008
Basanite	Orthopyroxene	49	In	0.24	0.01			Experimental	Adam & Green 2006	Solid-Melt		08-DEC-2008
Basanite	Orthopyroxene	50	Sn	0.015	0.003			Experimental	Adam & Green 2006	Solid-Melt		08-DEC-2008
Basanite	Orthopyroxene	51	Sb	0.0011	0.0002			Experimental	Adam & Green 2006	Solid-Melt		08-DEC-2008
Basanite	Orthopyroxene	55	Cs	0.0009	0.0002			Experimental	Adam & Green 2006	Solid-Melt		08-DEC-2008
Basanite	Orthopyroxene	56	Ba	0.0036	0.0003			Experimental	Adam & Green 2006	Solid-Melt		08-DEC-2008
Basanite	Orthopyroxene	57	La	0.0006	0.0001			Experimental	Adam & Green 2006	Solid-Melt		08-DEC-2008
Basanite	Orthopyroxene	58	Ce	0.0017	0.0002			Experimental	Adam & Green 2006	Solid-Melt		08-DEC-2008
Basanite	Orthopyroxene	60	Nd	0.004	0.0007			Experimental	Adam & Green 2006	Solid-Melt		08-DEC-2008
Basanite	Orthopyroxene	62	Sm	0.011	0			Experimental	Adam & Green 2006	Solid-Melt		08-DEC-2008
Basanite	Orthopyroxene	65	Tb	0.03	0.002			Experimental	Adam & Green 2006	Solid-Melt		08-DEC-2008
Basanite	Orthopyroxene	67	Ho	0.048	0.002			Experimental	Adam & Green 2006	Solid-Melt		08-DEC-2008
Basanite	Orthopyroxene	69	Tm	0.071	0.003			Experimental	Adam & Green 2006	Solid-Melt		08-DEC-2008
Basanite	Orthopyroxene	70	Yb	0.077	0.035			Experimental	Adam & Green 2006	Solid-Melt		08-DEC-2008
Basanite	Orthopyroxene	71	Lu	0.09	0.004			Experimental	Adam & Green 2006	Solid-Melt		08-DEC-2008
Basanite	Orthopyroxene	72	Hf	0.017	0.002			Experimental	Adam & Green 2006	Solid-Melt		08-DEC-2008
Basanite	Orthopyroxene	73	Ta	0.0008	0.0002			Experimental	Adam & Green 2006	Solid-Melt		08-DEC-2008
Basanite	Orthopyroxene	74	W	0.0002	0.0001			Experimental	Adam & Green 2006	Solid-Melt		08-DEC-2008
Basanite	Orthopyroxene	81	Tl		0.01			Experimental	Adam & Green 2006	Solid-Melt		08-DEC-2008
Basanite	Orthopyroxene	82	Pb		0.0001			Experimental	Adam & Green 2006	Solid-Melt		08-DEC-2008
Basanite	Orthopyroxene	83	Bi	0.001				Experimental	Adam & Green 2006	Solid-Melt		08-DEC-2008
Basanite	Orthopyroxene	90	Th	0.0005	0.0002			Experimental	Adam & Green 2006	Solid-Melt		08-DEC-2008
Basanite	Orthopyroxene	92	U	0.0007	0.0003			Experimental	Adam & Green 2006	Solid-Melt		08-DEC-2008
Basalt	Orthopyroxene	15	P	0.03				Experimental	Brunet & Chazot 2001	Solid-Melt		08-DEC-2008
Tholeiitic Basalt	Orthopyroxene	38	Sr	0.0012	0.0003			Experimental	Green et al. 2000	Solid-Melt		08-DEC-2008
Tholeiitic Basalt	Orthopyroxene	39	Y	0.095	0.0031			Experimental	Green et al. 2000	Solid-Melt		08-DEC-2008
Tholeiitic Basalt	Orthopyroxene	40	Zr	0.032	0.0008			Experimental	Green et al. 2000	Solid-Melt		08-DEC-2008
Tholeiitic Basalt	Orthopyroxene	41	Nb	0.0013	0.0003			Experimental	Green et al. 2000	Solid-Melt		08-DEC-2008
Tholeiitic Basalt	Orthopyroxene	57	La	0.0008	0.0003			Experimental	Green et al. 2000	Solid-Melt		08-DEC-2008
Tholeiitic Basalt	Orthopyroxene	58	Ce	0.0016	0.0002			Experimental	Green et al. 2000	Solid-Melt		08-DEC-2008
Tholeiitic Basalt	Orthopyroxene	59	Pr	0.0032	0.0011			Experimental	Green et al. 2000	Solid-Melt		08-DEC-2008
Tholeiitic Basalt	Orthopyroxene	60	Nd	0.0056	0.0005			Experimental	Green et al. 2000	Solid-Melt		08-DEC-2008
Tholeiitic Basalt	Orthopyroxene	62	Sm	0.015	0.0018			Experimental	Green et al. 2000	Solid-Melt		08-DEC-2008
Tholeiitic Basalt	Orthopyroxene	63	Eu	0.03	0.0039			Experimental	Green et al. 2000	Solid-Melt		08-DEC-2008
Tholeiitic Basalt	Orthopyroxene	64	Gd	0.034	0.012			Experimental	Green et al. 2000	Solid-Melt		08-DEC-2008
Tholeiitic Basalt	Orthopyroxene	65	Tb	0.054	0.0052			Experimental	Green et al. 2000	Solid-Melt		08-DEC-2008
Tholeiitic Basalt	Orthopyroxene	66	Dy	0.077	0.0042			Experimental	Green et al. 2000	Solid-Melt		08-DEC-2008
Tholeiitic Basalt	Orthopyroxene	67	Ho	0.1	0.005			Experimental	Green et al. 2000	Solid-Melt		08-DEC-2008
Tholeiitic Basalt	Orthopyroxene	68	Er	0.12	0.0066			Experimental	Green et al. 2000	Solid-Melt		08-DEC-2008
Tholeiitic Basalt	Orthopyroxene	70	Yb	0.22	0.046			Experimental	Green et al. 2000	Solid-Melt		08-DEC-2008
Tholeiitic Basalt	Orthopyroxene	71	Lu	0.22	0.017			Experimental	Green et al. 2000	Solid-Melt		08-DEC-2008
Tholeiitic Basalt	Orthopyroxene	72	Hf	0.06	0.0025			Experimental	Green et al. 2000	Solid-Melt		08-DEC-2008
Tholeiitic Basalt	Orthopyroxene	73	Ta	0.0025	0.0004			Experimental	Green et al. 2000	Solid-Melt		08-DEC-2008
Lunar Basalt	Orthopyroxene	21	Sc	2.6	0.3			Experimental	Klemme et al. 2006	Solid-Melt		08-DEC-2008
Lunar Basalt	Orthopyroxene	23	V	0.37	0.01			Experimental	Klemme et al. 2006	Solid-Melt		08-DEC-2008
Lunar Basalt	Orthopyroxene	24	Cr	4	2.8			Experimental	Klemme et al. 2006	Solid-Melt		08-DEC-2008
Lunar Basalt	Orthopyroxene	27	Co	4.4	0.2			Experimental	Klemme et al. 2006	Solid-Melt		08-DEC-2008
Lunar Basalt	Orthopyroxene	29	Cu	0.22	0.09			Experimental	Klemme et al. 2006	Solid-Melt		08-DEC-2008
Lunar Basalt	Orthopyroxene	30	Zn	2.1	0.3			Experimental	Klemme et al. 2006	Solid-Melt		08-DEC-2008
Lunar Basalt	Orthopyroxene	38	Sr	0.0012	0.0001			Experimental	Klemme et al. 2006	Solid-Melt		08-DEC-2008
Lunar Basalt	Orthopyroxene	39	Y	0.161	0.005			Experimental	Klemme et al. 2006	Solid-Melt		08-DEC-2008
Lunar Basalt	Orthopyroxene	40	Zr	0.074	0.01			Experimental	Klemme et al. 2006	Solid-Melt		08-DEC-2008
Lunar Basalt	Orthopyroxene	41	Nb	0.001				Experimental	Klemme et al. 2006	Solid-Melt		08-DEC-2008
Lunar Basalt	Orthopyroxene	50	Sn	0.92	0.03			Experimental	Klemme et al. 2006	Solid-Melt		08-DEC-2008
Lunar Basalt	Orthopyroxene	57	La	0.0007	0.0002			Experimental	Klemme et al. 2006	Solid-Melt		08-DEC-2008
Lunar Basalt	Orthopyroxene	58	Ce	0.0018	0.0005			Experimental	Klemme et al. 2006	Solid-Melt		08-DEC-2008
Lunar Basalt	Orthopyroxene	62	Sm	0.015	0.003			Experimental	Klemme et al. 2006	Solid-Melt		08-DEC-2008
Lunar Basalt	Orthopyroxene	64	Gd	0.046	0.002			Experimental	Klemme et al. 2006	Solid-Melt		08-DEC-2008
Lunar Basalt	Orthopyroxene	71	Lu	0.4	0.02			Experimental	Klemme et al. 2006	Solid-Melt		08-DEC-2008
Lunar Basalt	Orthopyroxene	72	Hf	0.15	0.02			Experimental	Klemme et al. 2006	Solid-Melt		08-DEC-2008
Lunar Basalt	Orthopyroxene	73	Ta	0.008	0.0007			Experimental	Klemme et al. 2006	Solid-Melt		08-DEC-2008
Lunar Basalt	Orthopyroxene	74	W	0.004				Experimental	Klemme et al. 2006	Solid-Melt		08-DEC-2008
Lunar Basalt	Orthopyroxene	90	Th	0.0006				Experimental	Klemme et al. 2006	Solid-Melt		08-DEC-2008
Lunar Basalt	Orthopyroxene	92	U	0.0001				Experimental	Klemme et al. 2006	Solid-Melt		08-DEC-2008
Basalt, Peridotite	Orthopyroxene	39	Y			0.6	0.168	Experimental	Salters & Longhi 1999	Solid-Melt		08-DEC-2008
Basalt, Peridotite	Orthopyroxene	40	Zr			0.014	0.036	Experimental	Salters & Longhi 1999	Solid-Melt		08-DEC-2008
Basalt, Peridotite	Orthopyroxene	41	Nb			0	0.0033	Experimental	Salters & Longhi 1999	Solid-Melt		08-DEC-2008
Basalt, Peridotite	Orthopyroxene	58	Ce			0	0.005	Experimental	Salters & Longhi 1999	Solid-Melt		08-DEC-2008
Basalt, Peridotite	Orthopyroxene	60	Nd			0.009	0.025	Experimental	Salters & Longhi 1999	Solid-Melt		08-DEC-2008
Basalt, Peridotite	Orthopyroxene	62	Sm			0.016	0.039	Experimental	Salters & Longhi 1999	Solid-Melt		08-DEC-2008
Basalt, Peridotite	Orthopyroxene	68	Er			0.07	0.152	Experimental	Salters & Longhi 1999	Solid-Melt		08-DEC-2008
Basalt, Peridotite	Orthopyroxene	70	Yb			0.092	0.227	Experimental	Salters & Longhi 1999	Solid-Melt		08-DEC-2008
Basalt, Peridotite	Orthopyroxene	71	Lu			0.119	0.255	Experimental	Salters & Longhi 1999	Solid-Melt		08-DEC-2008
Basalt, Peridotite	Orthopyroxene	72	Hf			0.029	0.08	Experimental	Salters & Longhi 1999	Solid-Melt		08-DEC-2008
Basalt, Peridotite	Orthopyroxene	90	Th			0.0002	0.0012	Experimental	Salters & Longhi 1999	Solid-Melt		08-DEC-2008
Basalt, Peridotite	Orthopyroxene	92	U			0.0005	0.0046	Experimental	Salters & Longhi 1999	Solid-Melt		08-DEC-2008
Basalt	Bronzite	11	Na	0.075	0.002			Phenocryst-Matrix	Onuma et al. 1968	Solid-Melt		12-DEC-2000
Basalt	Bronzite	21	Sc	1.23	0.1			Phenocryst-Matrix	Onuma et al. 1968	Solid-Melt		12-DEC-2000
Basalt	Bronzite	25	Mn	1.44	0.09			Phenocryst-Matrix	Onuma et al. 1968	Solid-Melt		12-DEC-2000
Basalt	Bronzite	27	Co	2.08	0.13			Phenocryst-Matrix	Onuma et al. 1968	Solid-Melt		12-DEC-2000
Basalt	Bronzite	58	Ce	0.0026	0.0003			Phenocryst-Matrix	Onuma et al. 1968	Solid-Melt		12-DEC-2000
Basalt	Bronzite	62	Sm	0.014	0.02			Phenocryst-Matrix	Onuma et al. 1968	Solid-Melt		12-DEC-2000
Basalt	Bronzite	63	Eu	0.023	0.002			Phenocryst-Matrix	Onuma et al. 1968	Solid-Melt		12-DEC-2000
Basalt	Bronzite	65	Tb	0.046	0.05			Phenocryst-Matrix	Onuma et al. 1968	Solid-Melt		12-DEC-2000
Basalt	Bronzite	70	Yb	0.107	0.028			Phenocryst-Matrix	Onuma et al. 1968	Solid-Melt		12-DEC-2000
Basalt	Bronzite	71	Lu	0.111	0.018			Phenocryst-Matrix	Onuma et al. 1968	Solid-Melt		12-DEC-2000
Andesite	Low Calcium Pyroxene	21	Sc	4.3				Phenocryst-Matrix	Bacon & Druitt 1988	Solid-Melt		12-DEC-2000
Andesite	Low Calcium Pyroxene	24	Cr	10				Phenocryst-Matrix	Bacon & Druitt 1988	Solid-Melt		12-DEC-2000
Andesite	Low Calcium Pyroxene	27	Co	12				Phenocryst-Matrix	Bacon & Druitt 1988	Solid-Melt		12-DEC-2000
Andesite	Low Calcium Pyroxene	30	Zn	3.7				Phenocryst-Matrix	Bacon & Druitt 1988	Solid-Melt		12-DEC-2000
Andesite	Low Calcium Pyroxene	37	Rb	0.01				Phenocryst-Matrix	Bacon & Druitt 1988	Solid-Melt		12-DEC-2000
Andesite	Low Calcium Pyroxene	38	Sr	0.01				Phenocryst-Matrix	Bacon & Druitt 1988	Solid-Melt		12-DEC-2000
Andesite	Low Calcium Pyroxene	40	Zr	0.11				Phenocryst-Matrix	Bacon & Druitt 1988	Solid-Melt		12-DEC-2000
Andesite	Low Calcium Pyroxene	55	Cs	0.01				Phenocryst-Matrix	Bacon & Druitt 1988	Solid-Melt		12-DEC-2000
Andesite	Low Calcium Pyroxene	56	Ba	0.1				Phenocryst-Matrix	Bacon & Druitt 1988	Solid-Melt		12-DEC-2000
Andesite	Low Calcium Pyroxene	57	La	0.26				Phenocryst-Matrix	Bacon & Druitt 1988	Solid-Melt		12-DEC-2000
Andesite	Low Calcium Pyroxene	58	Ce	0.31				Phenocryst-Matrix	Bacon & Druitt 1988	Solid-Melt		12-DEC-2000
Andesite	Low Calcium Pyroxene	60	Nd	0.47				Phenocryst-Matrix	Bacon & Druitt 1988	Solid-Melt		12-DEC-2000
Andesite	Low Calcium Pyroxene	62	Sm	0.46				Phenocryst-Matrix	Bacon & Druitt 1988	Solid-Melt		12-DEC-2000
Andesite	Low Calcium Pyroxene	63	Eu	0.34				Phenocryst-Matrix	Bacon & Druitt 1988	Solid-Melt		12-DEC-2000
Andesite	Low Calcium Pyroxene	65	Tb	0.69				Phenocryst-Matrix	Bacon & Druitt 1988	Solid-Melt		12-DEC-2000
Andesite	Low Calcium Pyroxene	70	Yb	0.77				Phenocryst-Matrix	Bacon & Druitt 1988	Solid-Melt		12-DEC-2000
Andesite	Low Calcium Pyroxene	71	Lu	0.71				Phenocryst-Matrix	Bacon & Druitt 1988	Solid-Melt		12-DEC-2000
Andesite	Low Calcium Pyroxene	72	Hf	0.11				Phenocryst-Matrix	Bacon & Druitt 1988	Solid-Melt		12-DEC-2000
Andesite	Low Calcium Pyroxene	73	Ta	0.11				Phenocryst-Matrix	Bacon & Druitt 1988	Solid-Melt		12-DEC-2000
Andesite	Low Calcium Pyroxene	90	Th	0.14				Phenocryst-Matrix	Bacon & Druitt 1988	Solid-Melt		12-DEC-2000
Rhyolite	Low Calcium Pyroxene	21	Sc	7.1				Phenocryst-Matrix	Bacon & Druitt 1988	Solid-Melt		12-DEC-2000
Rhyolite	Low Calcium Pyroxene	24	Cr	10				Phenocryst-Matrix	Bacon & Druitt 1988	Solid-Melt		12-DEC-2000
Rhyolite	Low Calcium Pyroxene	27	Co	38				Phenocryst-Matrix	Bacon & Druitt 1988	Solid-Melt		12-DEC-2000
Rhyolite	Low Calcium Pyroxene	30	Zn	6				Phenocryst-Matrix	Bacon & Druitt 1988	Solid-Melt		12-DEC-2000
Rhyolite	Low Calcium Pyroxene	37	Rb	0.01				Phenocryst-Matrix	Bacon & Druitt 1988	Solid-Melt		12-DEC-2000
Rhyolite	Low Calcium Pyroxene	38	Sr	0.01				Phenocryst-Matrix	Bacon & Druitt 1988	Solid-Melt		12-DEC-2000
Rhyolite	Low Calcium Pyroxene	40	Zr	0.11				Phenocryst-Matrix	Bacon & Druitt 1988	Solid-Melt		12-DEC-2000
Rhyolite	Low Calcium Pyroxene	55	Cs	0.01				Phenocryst-Matrix	Bacon & Druitt 1988	Solid-Melt		12-DEC-2000
Rhyolite	Low Calcium Pyroxene	56	Ba	0.1				Phenocryst-Matrix	Bacon & Druitt 1988	Solid-Melt		12-DEC-2000
Rhyolite	Low Calcium Pyroxene	57	La	0.4				Phenocryst-Matrix	Bacon & Druitt 1988	Solid-Melt		12-DEC-2000
Rhyolite	Low Calcium Pyroxene	58	Ce	0.46				Phenocryst-Matrix	Bacon & Druitt 1988	Solid-Melt		12-DEC-2000
Rhyolite	Low Calcium Pyroxene	60	Nd	0.6				Phenocryst-Matrix	Bacon & Druitt 1988	Solid-Melt		12-DEC-2000
Rhyolite	Low Calcium Pyroxene	62	Sm	0.78				Phenocryst-Matrix	Bacon & Druitt 1988	Solid-Melt		12-DEC-2000
Rhyolite	Low Calcium Pyroxene	63	Eu	0.61				Phenocryst-Matrix	Bacon & Druitt 1988	Solid-Melt		12-DEC-2000
Rhyolite	Low Calcium Pyroxene	65	Tb	0.85				Phenocryst-Matrix	Bacon & Druitt 1988	Solid-Melt		12-DEC-2000
Rhyolite	Low Calcium Pyroxene	70	Yb	0.91				Phenocryst-Matrix	Bacon & Druitt 1988	Solid-Melt		12-DEC-2000
Rhyolite	Low Calcium Pyroxene	71	Lu	0.9				Phenocryst-Matrix	Bacon & Druitt 1988	Solid-Melt		12-DEC-2000
Rhyolite	Low Calcium Pyroxene	72	Hf	0.11				Phenocryst-Matrix	Bacon & Druitt 1988	Solid-Melt		12-DEC-2000
Rhyolite	Low Calcium Pyroxene	73	Ta	0.11				Phenocryst-Matrix	Bacon & Druitt 1988	Solid-Melt		12-DEC-2000
Rhyolite	Low Calcium Pyroxene	90	Th	0.14				Phenocryst-Matrix	Bacon & Druitt 1988	Solid-Melt		12-DEC-2000
Synthetic U Type Layered Intrusion Basalt	Low Calcium Pyroxene	24	Cr			1.1	11.7	Experimental	Barnes 1986	Solid-Melt		08-DEC-2008
Basalt	Low Calcium Pyroxene	38	Sr			0.000511	0.000924	Experimental	Beattie 1993	Solid-Melt		12-DEC-2000
Basalt	Low Calcium Pyroxene	56	Ba			0.0000013	0.0000111	Experimental	Beattie 1993	Solid-Melt		12-DEC-2000
Basalt	Low Calcium Pyroxene	90	Th			0.0000157	0.0000293	Experimental	Beattie 1993	Solid-Melt		12-DEC-2000
Basalt	Low Calcium Pyroxene	92	U			0.0000362	0.0000433	Experimental	Beattie 1993	Solid-Melt		12-DEC-2000
Synthetic CaO-FeO-MgO-Al2O3-SiO2	Low Calcium Pyroxene	23	V			0.08	0.44	Experimental	Canil 1999	Solid-Melt		08-DEC-2008
Synthetic CaO-FeO-MgO-Al2O3-SiO2	Low Calcium Pyroxene	24	Cr			0.19	0.395	Experimental	Canil 1999	Solid-Melt		08-DEC-2008
Synthetic Komatiite, Basalt	Low Calcium Pyroxene	23	V	0.38				Experimental	Canil 1999	Solid-Melt		08-DEC-2008
Synthetic Komatiite, Basalt	Low Calcium Pyroxene	24	Cr	1.15				Experimental	Canil 1999	Solid-Melt		08-DEC-2008
Tholeiite	Low Calcium Pyroxene	37	Rb			0.001	0.005	Model	Cawthorn 1996	Solid-Melt		12-DEC-2000
Tholeiite	Low Calcium Pyroxene	38	Sr	0.01				Model	Cawthorn 1996	Solid-Melt		12-DEC-2000
Tholeiite	Low Calcium Pyroxene	58	Ce			0.002	0.003	Model	Cawthorn 1996	Solid-Melt		12-DEC-2000
Tholeiite	Low Calcium Pyroxene	60	Nd	0.006				Model	Cawthorn 1996	Solid-Melt		12-DEC-2000
Tholeiite	Low Calcium Pyroxene	62	Sm	0.01				Model	Cawthorn 1996	Solid-Melt		12-DEC-2000
Tholeiite	Low Calcium Pyroxene	63	Eu	0.01				Model	Cawthorn 1996	Solid-Melt		12-DEC-2000
Tholeiite	Low Calcium Pyroxene	70	Yb	0.04				Model	Cawthorn 1996	Solid-Melt		12-DEC-2000
Synthetic	Low Calcium Pyroxene	13	Al			0.1	0.43	Experimental	Colson & Gust 1989	Solid-Melt		12-DEC-2000
Synthetic	Low Calcium Pyroxene	20	Ca			0.13	0.15	Experimental	Colson & Gust 1989	Solid-Melt		12-DEC-2000
Synthetic	Low Calcium Pyroxene	21	Sc			0.26	0.79	Experimental	Colson & Gust 1989	Solid-Melt		12-DEC-2000
Synthetic	Low Calcium Pyroxene	70	Yb			0.048	0.124	Experimental	Colson & Gust 1989	Solid-Melt		12-DEC-2000
Synthetic CaO-FeO-MgO-Al2O3-SiO2 118a	Low Calcium Pyroxene	13	Al	0.028				Experimental	Colson et al. 1988	Solid-Melt		12-DEC-2000
Synthetic CaO-FeO-MgO-Al2O3-SiO2 118a	Low Calcium Pyroxene	20	Ca	0.0295				Experimental	Colson et al. 1988	Solid-Melt		12-DEC-2000
Synthetic CaO-FeO-MgO-Al2O3-SiO2 118a	Low Calcium Pyroxene	21	Sc	0.213				Experimental	Colson et al. 1988	Solid-Melt		12-DEC-2000
Synthetic CaO-FeO-MgO-Al2O3-SiO2 118a	Low Calcium Pyroxene	25	Mn	0.499				Experimental	Colson et al. 1988	Solid-Melt		12-DEC-2000
Synthetic CaO-FeO-MgO-Al2O3-SiO2 118a	Low Calcium Pyroxene	62	Sm	0.0045				Experimental	Colson et al. 1988	Solid-Melt		12-DEC-2000
Synthetic CaO-FeO-MgO-Al2O3-SiO2 118a	Low Calcium Pyroxene	64	Gd	0.0058				Experimental	Colson et al. 1988	Solid-Melt		12-DEC-2000
Synthetic CaO-FeO-MgO-Al2O3-SiO2 118a	Low Calcium Pyroxene	70	Yb	0.0302				Experimental	Colson et al. 1988	Solid-Melt		12-DEC-2000
Synthetic CaO-FeO-MgO-Al2O3-SiO2 118b	Low Calcium Pyroxene	13	Al	0.031				Experimental	Colson et al. 1988	Solid-Melt		12-DEC-2000
Synthetic CaO-FeO-MgO-Al2O3-SiO2 118b	Low Calcium Pyroxene	20	Ca	0.0308				Experimental	Colson et al. 1988	Solid-Melt		12-DEC-2000
Synthetic CaO-FeO-MgO-Al2O3-SiO2 118b	Low Calcium Pyroxene	21	Sc	0.215				Experimental	Colson et al. 1988	Solid-Melt		12-DEC-2000
Synthetic CaO-FeO-MgO-Al2O3-SiO2 118b	Low Calcium Pyroxene	25	Mn	0.409				Experimental	Colson et al. 1988	Solid-Melt		12-DEC-2000
Synthetic CaO-FeO-MgO-Al2O3-SiO2 118b	Low Calcium Pyroxene	62	Sm	0.0023				Experimental	Colson et al. 1988	Solid-Melt		12-DEC-2000
Synthetic CaO-FeO-MgO-Al2O3-SiO2 118b	Low Calcium Pyroxene	64	Gd	0.0042				Experimental	Colson et al. 1988	Solid-Melt		12-DEC-2000
Synthetic CaO-FeO-MgO-Al2O3-SiO2 118b	Low Calcium Pyroxene	70	Yb	0.0202				Experimental	Colson et al. 1988	Solid-Melt		12-DEC-2000
Basalt-Andesite	Low Calcium Pyroxene	3	Li			0.11	1.32	Phenocryst-Matrix, Experimental	Dunn & Sen 1994	Solid-Melt		12-DEC-2000
Basalt-Andesite	Low Calcium Pyroxene	4	Be			0.34	2.82	Phenocryst-Matrix, Experimental	Dunn & Sen 1994	Solid-Melt		12-DEC-2000
Basalt-Andesite	Low Calcium Pyroxene	23	V	1				Phenocryst-Matrix, Experimental	Dunn & Sen 1994	Solid-Melt		12-DEC-2000
Basalt-Andesite	Low Calcium Pyroxene	24	Cr			0.95	2.6	Phenocryst-Matrix, Experimental	Dunn & Sen 1994	Solid-Melt		12-DEC-2000
Basalt-Andesite	Low Calcium Pyroxene	38	Sr			0.0034	0.0074	Phenocryst-Matrix, Experimental	Dunn & Sen 1994	Solid-Melt		12-DEC-2000
Basalt-Andesite	Low Calcium Pyroxene	39	Y			0.19	0.54	Phenocryst-Matrix, Experimental	Dunn & Sen 1994	Solid-Melt		12-DEC-2000
Basalt-Andesite	Low Calcium Pyroxene	40	Zr			0.021	0.04	Phenocryst-Matrix, Experimental	Dunn & Sen 1994	Solid-Melt		12-DEC-2000
Basalt-Andesite	Low Calcium Pyroxene	41	Nb	0.27				Phenocryst-Matrix, Experimental	Dunn & Sen 1994	Solid-Melt		12-DEC-2000
Basalt-Andesite	Low Calcium Pyroxene	42	Mo			0.27	2.2	Phenocryst-Matrix, Experimental	Dunn & Sen 1994	Solid-Melt		12-DEC-2000
Basalt-Andesite	Low Calcium Pyroxene	57	La			0.0019	0.0023	Phenocryst-Matrix, Experimental	Dunn & Sen 1994	Solid-Melt		12-DEC-2000
Basalt-Andesite	Low Calcium Pyroxene	58	Ce			0.0035	0.0069	Phenocryst-Matrix, Experimental	Dunn & Sen 1994	Solid-Melt		12-DEC-2000
Basalt-Andesite	Low Calcium Pyroxene	59	Pr			0.0034	0.0059	Phenocryst-Matrix, Experimental	Dunn & Sen 1994	Solid-Melt		12-DEC-2000
Basalt-Andesite	Low Calcium Pyroxene	60	Nd			0.013	0.027	Phenocryst-Matrix, Experimental	Dunn & Sen 1994	Solid-Melt		12-DEC-2000
Basalt-Andesite	Low Calcium Pyroxene	62	Sm			0.063	0.089	Phenocryst-Matrix, Experimental	Dunn & Sen 1994	Solid-Melt		12-DEC-2000
Basalt-Andesite	Low Calcium Pyroxene	63	Eu			0.025	0.086	Phenocryst-Matrix, Experimental	Dunn & Sen 1994	Solid-Melt		12-DEC-2000
Basalt-Andesite	Low Calcium Pyroxene	64	Gd			0.069	0.24	Phenocryst-Matrix, Experimental	Dunn & Sen 1994	Solid-Melt		12-DEC-2000
Basalt-Andesite	Low Calcium Pyroxene	65	Tb			0.16	0.32	Phenocryst-Matrix, Experimental	Dunn & Sen 1994	Solid-Melt		12-DEC-2000
Basalt-Andesite	Low Calcium Pyroxene	66	Dy			0.14	0.4	Phenocryst-Matrix, Experimental	Dunn & Sen 1994	Solid-Melt		12-DEC-2000
Basalt-Andesite	Low Calcium Pyroxene	67	Ho			0.3	0.52	Phenocryst-Matrix, Experimental	Dunn & Sen 1994	Solid-Melt		12-DEC-2000
Basalt-Andesite	Low Calcium Pyroxene	68	Er			0.24	0.65	Phenocryst-Matrix, Experimental	Dunn & Sen 1994	Solid-Melt		12-DEC-2000
Basalt-Andesite	Low Calcium Pyroxene	70	Yb			0.39	0.92	Phenocryst-Matrix, Experimental	Dunn & Sen 1994	Solid-Melt		12-DEC-2000
Basalt-Andesite	Low Calcium Pyroxene	71	Lu			0.67	1.4	Phenocryst-Matrix, Experimental	Dunn & Sen 1994	Solid-Melt		12-DEC-2000
Basalt-Andesite	Low Calcium Pyroxene	73	Ta	0.048				Phenocryst-Matrix, Experimental	Dunn & Sen 1994	Solid-Melt		12-DEC-2000
Basalt-Andesite	Low Calcium Pyroxene	82	Pb	0.29				Phenocryst-Matrix, Experimental	Dunn & Sen 1994	Solid-Melt		12-DEC-2000
Basalt-Andesite	Low Calcium Pyroxene	90	Th	0.01				Phenocryst-Matrix, Experimental	Dunn & Sen 1994	Solid-Melt		12-DEC-2000
Basalt-Andesite	Low Calcium Pyroxene	92	U			0.0013	0.023	Phenocryst-Matrix, Experimental	Dunn & Sen 1994	Solid-Melt		12-DEC-2000
Andesite	Low Calcium Pyroxene	25	Mn	7.3				Phenocryst-Matrix	Ewart & Griffin 1994	Solid-Melt		12-DEC-2000
Andesite	Low Calcium Pyroxene	26	Fe	5.3				Phenocryst-Matrix	Ewart & Griffin 1994	Solid-Melt		12-DEC-2000
Andesite	Low Calcium Pyroxene	29	Cu				0.19	Phenocryst-Matrix	Ewart & Griffin 1994	Solid-Melt		12-DEC-2000
Andesite	Low Calcium Pyroxene	30	Zn	3.39				Phenocryst-Matrix	Ewart & Griffin 1994	Solid-Melt		12-DEC-2000
Andesite	Low Calcium Pyroxene	31	Ga	0.32				Phenocryst-Matrix	Ewart & Griffin 1994	Solid-Melt		12-DEC-2000
Andesite	Low Calcium Pyroxene	32	Ge	2				Phenocryst-Matrix	Ewart & Griffin 1994	Solid-Melt		12-DEC-2000
Andesite	Low Calcium Pyroxene	33	As	0.14				Phenocryst-Matrix	Ewart & Griffin 1994	Solid-Melt		12-DEC-2000
Andesite	Low Calcium Pyroxene	37	Rb	0.062				Phenocryst-Matrix	Ewart & Griffin 1994	Solid-Melt		12-DEC-2000
Andesite	Low Calcium Pyroxene	38	Sr	0.13				Phenocryst-Matrix	Ewart & Griffin 1994	Solid-Melt		12-DEC-2000
Andesite	Low Calcium Pyroxene	39	Y	0.46				Phenocryst-Matrix	Ewart & Griffin 1994	Solid-Melt		12-DEC-2000
Andesite	Low Calcium Pyroxene	40	Zr	0.13				Phenocryst-Matrix	Ewart & Griffin 1994	Solid-Melt		12-DEC-2000
Andesite	Low Calcium Pyroxene	41	Nb				0.78	Phenocryst-Matrix	Ewart & Griffin 1994	Solid-Melt		12-DEC-2000
Andesite	Low Calcium Pyroxene	56	Ba	0.13				Phenocryst-Matrix	Ewart & Griffin 1994	Solid-Melt		12-DEC-2000
Andesite	Low Calcium Pyroxene	82	Pb				0.52	Phenocryst-Matrix	Ewart & Griffin 1994	Solid-Melt		12-DEC-2000
High Silica Rhyolite	Low Calcium Pyroxene	25	Mn	71.3				Phenocryst-Matrix	Ewart & Griffin 1994	Solid-Melt		12-DEC-2000
High Silica Rhyolite	Low Calcium Pyroxene	26	Fe	40.9				Phenocryst-Matrix	Ewart & Griffin 1994	Solid-Melt		12-DEC-2000
High Silica Rhyolite	Low Calcium Pyroxene	29	Cu				1.4	Phenocryst-Matrix	Ewart & Griffin 1994	Solid-Melt		12-DEC-2000
High Silica Rhyolite	Low Calcium Pyroxene	30	Zn	15.8				Phenocryst-Matrix	Ewart & Griffin 1994	Solid-Melt		12-DEC-2000
High Silica Rhyolite	Low Calcium Pyroxene	31	Ga	0.21				Phenocryst-Matrix	Ewart & Griffin 1994	Solid-Melt		12-DEC-2000
High Silica Rhyolite	Low Calcium Pyroxene	32	Ge	3.2				Phenocryst-Matrix	Ewart & Griffin 1994	Solid-Melt		12-DEC-2000
High Silica Rhyolite	Low Calcium Pyroxene	33	As	0.23				Phenocryst-Matrix	Ewart & Griffin 1994	Solid-Melt		12-DEC-2000
High Silica Rhyolite	Low Calcium Pyroxene	37	Rb				0.013	Phenocryst-Matrix	Ewart & Griffin 1994	Solid-Melt		12-DEC-2000
High Silica Rhyolite	Low Calcium Pyroxene	38	Sr				0.17	Phenocryst-Matrix	Ewart & Griffin 1994	Solid-Melt		12-DEC-2000
High Silica Rhyolite	Low Calcium Pyroxene	39	Y	1.1				Phenocryst-Matrix	Ewart & Griffin 1994	Solid-Melt		12-DEC-2000
High Silica Rhyolite	Low Calcium Pyroxene	40	Zr	0.053				Phenocryst-Matrix	Ewart & Griffin 1994	Solid-Melt		12-DEC-2000
High Silica Rhyolite	Low Calcium Pyroxene	41	Nb				0.31	Phenocryst-Matrix	Ewart & Griffin 1994	Solid-Melt		12-DEC-2000
High Silica Rhyolite	Low Calcium Pyroxene	56	Ba				0.56	Phenocryst-Matrix	Ewart & Griffin 1994	Solid-Melt		12-DEC-2000
High Silica Rhyolite	Low Calcium Pyroxene	82	Pb				0.37	Phenocryst-Matrix	Ewart & Griffin 1994	Solid-Melt		12-DEC-2000
Low Silica Rhyolite	Low Calcium Pyroxene	25	Mn			13.6	43.3	Phenocryst-Matrix	Ewart & Griffin 1994	Solid-Melt		12-DEC-2000
Low Silica Rhyolite	Low Calcium Pyroxene	26	Fe			12.2	32.4	Phenocryst-Matrix	Ewart & Griffin 1994	Solid-Melt		12-DEC-2000
Low Silica Rhyolite	Low Calcium Pyroxene	28	Ni			4.9	8.9	Phenocryst-Matrix	Ewart & Griffin 1994	Solid-Melt		12-DEC-2000
Low Silica Rhyolite	Low Calcium Pyroxene	29	Cu			0.47	1.46	Phenocryst-Matrix	Ewart & Griffin 1994	Solid-Melt		12-DEC-2000
Low Silica Rhyolite	Low Calcium Pyroxene	30	Zn			6.23	14.4	Phenocryst-Matrix	Ewart & Griffin 1994	Solid-Melt		12-DEC-2000
Low Silica Rhyolite	Low Calcium Pyroxene	31	Ga			0.18	4.7	Phenocryst-Matrix	Ewart & Griffin 1994	Solid-Melt		12-DEC-2000
Low Silica Rhyolite	Low Calcium Pyroxene	32	Ge			1.5		Phenocryst-Matrix	Ewart & Griffin 1994	Solid-Melt		12-DEC-2000
Low Silica Rhyolite	Low Calcium Pyroxene	33	As			0.45	0.83	Phenocryst-Matrix	Ewart & Griffin 1994	Solid-Melt		12-DEC-2000
Low Silica Rhyolite	Low Calcium Pyroxene	37	Rb			0.028	0.05	Phenocryst-Matrix	Ewart & Griffin 1994	Solid-Melt		12-DEC-2000
Low Silica Rhyolite	Low Calcium Pyroxene	38	Sr			0.068	0.18	Phenocryst-Matrix	Ewart & Griffin 1994	Solid-Melt		12-DEC-2000
Low Silica Rhyolite	Low Calcium Pyroxene	39	Y			0.44	1.07	Phenocryst-Matrix	Ewart & Griffin 1994	Solid-Melt		12-DEC-2000
Low Silica Rhyolite	Low Calcium Pyroxene	40	Zr			0.075	0.086	Phenocryst-Matrix	Ewart & Griffin 1994	Solid-Melt		12-DEC-2000
Low Silica Rhyolite	Low Calcium Pyroxene	41	Nb			0.54	0.73	Phenocryst-Matrix	Ewart & Griffin 1994	Solid-Melt		12-DEC-2000
Low Silica Rhyolite	Low Calcium Pyroxene	56	Ba			0.063	0.084	Phenocryst-Matrix	Ewart & Griffin 1994	Solid-Melt		12-DEC-2000
Low Silica Rhyolite	Low Calcium Pyroxene	82	Pb			0.028	7.5	Phenocryst-Matrix	Ewart & Griffin 1994	Solid-Melt		12-DEC-2000
Quartz Latite	Low Calcium Pyroxene	25	Mn			11	34.5	Phenocryst-Matrix	Ewart & Griffin 1994	Solid-Melt		12-DEC-2000
Quartz Latite	Low Calcium Pyroxene	26	Fe			7.5	23.1	Phenocryst-Matrix	Ewart & Griffin 1994	Solid-Melt		12-DEC-2000
Quartz Latite	Low Calcium Pyroxene	28	Ni			11.7	15	Phenocryst-Matrix	Ewart & Griffin 1994	Solid-Melt		12-DEC-2000
Quartz Latite	Low Calcium Pyroxene	29	Cu			0.099	0.16	Phenocryst-Matrix	Ewart & Griffin 1994	Solid-Melt		12-DEC-2000
Quartz Latite	Low Calcium Pyroxene	30	Zn			5.1	12.8	Phenocryst-Matrix	Ewart & Griffin 1994	Solid-Melt		12-DEC-2000
Quartz Latite	Low Calcium Pyroxene	31	Ga			0.22	0.45	Phenocryst-Matrix	Ewart & Griffin 1994	Solid-Melt		12-DEC-2000
Quartz Latite	Low Calcium Pyroxene	32	Ge			3.4	3.7	Phenocryst-Matrix	Ewart & Griffin 1994	Solid-Melt		12-DEC-2000
Quartz Latite	Low Calcium Pyroxene	33	As			0.25	0.3	Phenocryst-Matrix	Ewart & Griffin 1994	Solid-Melt		12-DEC-2000
Quartz Latite	Low Calcium Pyroxene	37	Rb			0.0031	0.039	Phenocryst-Matrix	Ewart & Griffin 1994	Solid-Melt		12-DEC-2000
Quartz Latite	Low Calcium Pyroxene	38	Sr			0.032	0.42	Phenocryst-Matrix	Ewart & Griffin 1994	Solid-Melt		12-DEC-2000
Quartz Latite	Low Calcium Pyroxene	39	Y			0.49	0.62	Phenocryst-Matrix	Ewart & Griffin 1994	Solid-Melt		12-DEC-2000
Quartz Latite	Low Calcium Pyroxene	40	Zr			0.026	0.14	Phenocryst-Matrix	Ewart & Griffin 1994	Solid-Melt		12-DEC-2000
Quartz Latite	Low Calcium Pyroxene	41	Nb			0.09	0.12	Phenocryst-Matrix	Ewart & Griffin 1994	Solid-Melt		12-DEC-2000
Quartz Latite	Low Calcium Pyroxene	56	Ba			0.02	0.11	Phenocryst-Matrix	Ewart & Griffin 1994	Solid-Melt		12-DEC-2000
Quartz Latite	Low Calcium Pyroxene	82	Pb			0.1	0.17	Phenocryst-Matrix	Ewart & Griffin 1994	Solid-Melt		12-DEC-2000
Basalt-Andesite	Low Calcium Pyroxene	21	Sc			1.2	1.9	Model	Ewart et al. 1973	Solid-Melt		12-DEC-2000
Basalt-Andesite	Low Calcium Pyroxene	21	Sc			1.4	1.9	Phenocryst-Matrix	Ewart et al. 1973	Solid-Melt		12-DEC-2000
Basalt-Andesite	Low Calcium Pyroxene	22	Ti			0.14	0.27	Model	Ewart et al. 1973	Solid-Melt		12-DEC-2000
Basalt-Andesite	Low Calcium Pyroxene	23	V			0.47	0.6	Phenocryst-Matrix	Ewart et al. 1973	Solid-Melt		12-DEC-2000
Basalt-Andesite	Low Calcium Pyroxene	24	Cr			10	36	Model	Ewart et al. 1973	Solid-Melt		12-DEC-2000
Basalt-Andesite	Low Calcium Pyroxene	24	Cr			3.7	17	Phenocryst-Matrix	Ewart et al. 1973	Solid-Melt		12-DEC-2000
Basalt-Andesite	Low Calcium Pyroxene	25	Mn			1.8	2.4	Phenocryst-Matrix	Ewart et al. 1973	Solid-Melt		12-DEC-2000
Basalt-Andesite	Low Calcium Pyroxene	25	Mn			1.6	2.3	Model	Ewart et al. 1973	Solid-Melt		12-DEC-2000
Basalt-Andesite	Low Calcium Pyroxene	27	Co			3.3	4.4	Model	Ewart et al. 1973	Solid-Melt		12-DEC-2000
Basalt-Andesite	Low Calcium Pyroxene	27	Co			3.4	4.5	Phenocryst-Matrix	Ewart et al. 1973	Solid-Melt		12-DEC-2000
Basalt-Andesite	Low Calcium Pyroxene	28	Ni			7.3	11	Phenocryst-Matrix	Ewart et al. 1973	Solid-Melt		12-DEC-2000
Basalt-Andesite	Low Calcium Pyroxene	28	Ni			8.6	13	Model	Ewart et al. 1973	Solid-Melt		12-DEC-2000
Basalt-Andesite	Low Calcium Pyroxene	29	Cu			0.16	0.92	Phenocryst-Matrix	Ewart et al. 1973	Solid-Melt		12-DEC-2000
Basalt-Andesite	Low Calcium Pyroxene	29	Cu			0.13	1.4	Model	Ewart et al. 1973	Solid-Melt		12-DEC-2000
Dacite	Low Calcium Pyroxene	21	Sc			1.9	6.2	Model	Ewart et al. 1973	Solid-Melt		12-DEC-2000
Dacite	Low Calcium Pyroxene	21	Sc			2	4.6	Phenocryst-Matrix	Ewart et al. 1973	Solid-Melt		12-DEC-2000
Dacite	Low Calcium Pyroxene	23	V			0.64	2.3	Phenocryst-Matrix	Ewart et al. 1973	Solid-Melt		12-DEC-2000
Dacite	Low Calcium Pyroxene	24	Cr			0.65	4.3	Phenocryst-Matrix	Ewart et al. 1973	Solid-Melt		12-DEC-2000
Dacite	Low Calcium Pyroxene	24	Cr			1	4	Model	Ewart et al. 1973	Solid-Melt		12-DEC-2000
Dacite	Low Calcium Pyroxene	25	Mn			2.8	7.8	Model	Ewart et al. 1973	Solid-Melt		12-DEC-2000
Dacite	Low Calcium Pyroxene	25	Mn			0.31	0.5	Phenocryst-Matrix	Ewart et al. 1973	Solid-Melt		12-DEC-2000
Dacite	Low Calcium Pyroxene	27	Co			6.1	9.4	Phenocryst-Matrix	Ewart et al. 1973	Solid-Melt		12-DEC-2000
Dacite	Low Calcium Pyroxene	27	Co			6.8	14	Model	Ewart et al. 1973	Solid-Melt		12-DEC-2000
Dacite	Low Calcium Pyroxene	29	Cu			0.5	1.3	Model	Ewart et al. 1973	Solid-Melt		12-DEC-2000
Dacite	Low Calcium Pyroxene	29	Cu			0.45	1.2	Phenocryst-Matrix	Ewart et al. 1973	Solid-Melt		12-DEC-2000
Basalt-Andesite	Low Calcium Pyroxene	22	Ti			0.09	0.26	Experimental	Forsythe et al. 1994	Solid-Melt		08-DEC-2008
Basalt-Andesite	Low Calcium Pyroxene	40	Zr			0.004	0.13	Experimental	Forsythe et al. 1994	Solid-Melt		08-DEC-2008
Basalt-Andesite	Low Calcium Pyroxene	41	Nb			0.004	0.018	Experimental	Forsythe et al. 1994	Solid-Melt		08-DEC-2008
Basalt-Andesite	Low Calcium Pyroxene	73	Ta			0.004	0.081	Experimental	Forsythe et al. 1994	Solid-Melt		08-DEC-2008
Basalt	Low Calcium Pyroxene	57	La	0.001				Phenocryst-Matrix	Frey 1969	Solid-Melt		12-DEC-2000
Basalt	Low Calcium Pyroxene	58	Ce	0.002				Phenocryst-Matrix	Frey 1969	Solid-Melt		12-DEC-2000
Basalt	Low Calcium Pyroxene	59	Pr	0.002				Phenocryst-Matrix	Frey 1969	Solid-Melt		12-DEC-2000
Basalt	Low Calcium Pyroxene	60	Nd	0.005				Phenocryst-Matrix	Frey 1969	Solid-Melt		12-DEC-2000
Basalt	Low Calcium Pyroxene	62	Sm	0.015				Phenocryst-Matrix	Frey 1969	Solid-Melt		12-DEC-2000
Basalt	Low Calcium Pyroxene	63	Eu	0.024				Phenocryst-Matrix	Frey 1969	Solid-Melt		12-DEC-2000
Basalt	Low Calcium Pyroxene	64	Gd	0.03				Phenocryst-Matrix	Frey 1969	Solid-Melt		12-DEC-2000
Basalt	Low Calcium Pyroxene	65	Tb	0.041				Phenocryst-Matrix	Frey 1969	Solid-Melt		12-DEC-2000
Basalt	Low Calcium Pyroxene	67	Ho	0.076				Phenocryst-Matrix	Frey 1969	Solid-Melt		12-DEC-2000
Basalt	Low Calcium Pyroxene	68	Er	0.081				Phenocryst-Matrix	Frey 1969	Solid-Melt		12-DEC-2000
Basalt	Low Calcium Pyroxene	69	Tm	0.12				Phenocryst-Matrix	Frey 1969	Solid-Melt		12-DEC-2000
Basalt	Low Calcium Pyroxene	70	Yb	0.14				Phenocryst-Matrix	Frey 1969	Solid-Melt		12-DEC-2000
Basalt	Low Calcium Pyroxene	71	Lu	0.17				Phenocryst-Matrix	Frey 1969	Solid-Melt		12-DEC-2000
Calc-Alkaline Andesite	Low Calcium Pyroxene	40	Zr	0.0465				Phenocryst-Matrix	Fujimaki et al. 1984	Solid-Melt		12-DEC-2000
Calc-Alkaline Andesite	Low Calcium Pyroxene	57	La	0.031				Phenocryst-Matrix	Fujimaki et al. 1984	Solid-Melt		12-DEC-2000
Calc-Alkaline Andesite	Low Calcium Pyroxene	58	Ce	0.0277				Phenocryst-Matrix	Fujimaki et al. 1984	Solid-Melt		12-DEC-2000
Calc-Alkaline Andesite	Low Calcium Pyroxene	60	Nd	0.0279				Phenocryst-Matrix	Fujimaki et al. 1984	Solid-Melt		12-DEC-2000
Calc-Alkaline Andesite	Low Calcium Pyroxene	62	Sm	0.0278				Phenocryst-Matrix	Fujimaki et al. 1984	Solid-Melt		12-DEC-2000
Calc-Alkaline Andesite	Low Calcium Pyroxene	63	Eu	0.0276				Phenocryst-Matrix	Fujimaki et al. 1984	Solid-Melt		12-DEC-2000
Calc-Alkaline Andesite	Low Calcium Pyroxene	64	Gd	0.0388				Phenocryst-Matrix	Fujimaki et al. 1984	Solid-Melt		12-DEC-2000
Calc-Alkaline Andesite	Low Calcium Pyroxene	66	Dy	0.0762				Phenocryst-Matrix	Fujimaki et al. 1984	Solid-Melt		12-DEC-2000
Calc-Alkaline Andesite	Low Calcium Pyroxene	68	Er	0.1526				Phenocryst-Matrix	Fujimaki et al. 1984	Solid-Melt		12-DEC-2000
Calc-Alkaline Andesite	Low Calcium Pyroxene	70	Yb	0.254				Phenocryst-Matrix	Fujimaki et al. 1984	Solid-Melt		12-DEC-2000
Calc-Alkaline Andesite	Low Calcium Pyroxene	71	Lu	0.323				Phenocryst-Matrix	Fujimaki et al. 1984	Solid-Melt		12-DEC-2000
Calc-Alkaline Andesite	Low Calcium Pyroxene	72	Hf	0.0465				Phenocryst-Matrix	Fujimaki et al. 1984	Solid-Melt		12-DEC-2000
Calc-Alkaline Dacite	Low Calcium Pyroxene	40	Zr	0.0333				Phenocryst-Matrix	Fujimaki et al. 1984	Solid-Melt		12-DEC-2000
Calc-Alkaline Dacite	Low Calcium Pyroxene	57	La	0.0146				Phenocryst-Matrix	Fujimaki et al. 1984	Solid-Melt		12-DEC-2000
Calc-Alkaline Dacite	Low Calcium Pyroxene	58	Ce	0.0163				Phenocryst-Matrix	Fujimaki et al. 1984	Solid-Melt		12-DEC-2000
Calc-Alkaline Dacite	Low Calcium Pyroxene	60	Nd	0.0162				Phenocryst-Matrix	Fujimaki et al. 1984	Solid-Melt		12-DEC-2000
Calc-Alkaline Dacite	Low Calcium Pyroxene	62	Sm	0.0174				Phenocryst-Matrix	Fujimaki et al. 1984	Solid-Melt		12-DEC-2000
Calc-Alkaline Dacite	Low Calcium Pyroxene	64	Gd	0.027				Phenocryst-Matrix	Fujimaki et al. 1984	Solid-Melt		12-DEC-2000
Calc-Alkaline Dacite	Low Calcium Pyroxene	66	Dy	0.0412				Phenocryst-Matrix	Fujimaki et al. 1984	Solid-Melt		12-DEC-2000
Calc-Alkaline Dacite	Low Calcium Pyroxene	68	Er	0.0725				Phenocryst-Matrix	Fujimaki et al. 1984	Solid-Melt		12-DEC-2000
Calc-Alkaline Dacite	Low Calcium Pyroxene	70	Yb	0.1149				Phenocryst-Matrix	Fujimaki et al. 1984	Solid-Melt		12-DEC-2000
Calc-Alkaline Dacite	Low Calcium Pyroxene	71	Lu	0.154				Phenocryst-Matrix	Fujimaki et al. 1984	Solid-Melt		12-DEC-2000
Calc-Alkaline Dacite	Low Calcium Pyroxene	72	Hf	0.0308				Phenocryst-Matrix	Fujimaki et al. 1984	Solid-Melt		12-DEC-2000
Kimberlite	Low Calcium Pyroxene	40	Zr	0.0005				Phenocryst-Matrix	Fujimaki et al. 1984	Solid-Melt		12-DEC-2000
Kimberlite	Low Calcium Pyroxene	57	La	0.0127				Phenocryst-Matrix	Fujimaki et al. 1984	Solid-Melt		12-DEC-2000
Kimberlite	Low Calcium Pyroxene	58	Ce	0.0109				Phenocryst-Matrix	Fujimaki et al. 1984	Solid-Melt		12-DEC-2000
Kimberlite	Low Calcium Pyroxene	60	Nd	0.0117				Phenocryst-Matrix	Fujimaki et al. 1984	Solid-Melt		12-DEC-2000
Kimberlite	Low Calcium Pyroxene	62	Sm	0.0155				Phenocryst-Matrix	Fujimaki et al. 1984	Solid-Melt		12-DEC-2000
Kimberlite	Low Calcium Pyroxene	63	Eu	0.0172				Phenocryst-Matrix	Fujimaki et al. 1984	Solid-Melt		12-DEC-2000
Kimberlite	Low Calcium Pyroxene	64	Gd	0.024				Phenocryst-Matrix	Fujimaki et al. 1984	Solid-Melt		12-DEC-2000
Kimberlite	Low Calcium Pyroxene	66	Dy	0.0462				Phenocryst-Matrix	Fujimaki et al. 1984	Solid-Melt		12-DEC-2000
Kimberlite	Low Calcium Pyroxene	68	Er	0.079				Phenocryst-Matrix	Fujimaki et al. 1984	Solid-Melt		12-DEC-2000
Kimberlite	Low Calcium Pyroxene	70	Yb	0.1195				Phenocryst-Matrix	Fujimaki et al. 1984	Solid-Melt		12-DEC-2000
Kimberlite	Low Calcium Pyroxene	71	Lu	0.163				Phenocryst-Matrix	Fujimaki et al. 1984	Solid-Melt		12-DEC-2000
Kimberlite	Low Calcium Pyroxene	72	Hf	0.0063				Phenocryst-Matrix	Fujimaki et al. 1984	Solid-Melt		12-DEC-2000
Basanite-Basalt	Low Calcium Pyroxene	37	Rb	0.02				Experimental	Green et al. 1993	Solid-Melt		12-DEC-2000
Basanite-Basalt	Low Calcium Pyroxene	38	Sr	0.09				Experimental	Green et al. 1993	Solid-Melt		12-DEC-2000
Basanite-Basalt	Low Calcium Pyroxene	39	Y	1.1				Experimental	Green et al. 1993	Solid-Melt		12-DEC-2000
Basanite-Basalt	Low Calcium Pyroxene	40	Zr	0.22				Experimental	Green et al. 1993	Solid-Melt		12-DEC-2000
Basanite-Basalt	Low Calcium Pyroxene	41	Nb	0.01				Experimental	Green et al. 1993	Solid-Melt		12-DEC-2000
Basanite-Basalt	Low Calcium Pyroxene	56	Ba	0.02				Experimental	Green et al. 1993	Solid-Melt		12-DEC-2000
Basanite-Basalt	Low Calcium Pyroxene	73	Ta	0.02				Experimental	Green et al. 1993	Solid-Melt		12-DEC-2000
Carbonatite	Low Calcium Pyroxene	37	Rb	0.004				Experimental	Green et al. 1993	Solid-Melt		12-DEC-2000
Carbonatite	Low Calcium Pyroxene	38	Sr	0.03				Experimental	Green et al. 1993	Solid-Melt		12-DEC-2000
Carbonatite	Low Calcium Pyroxene	39	Y	0.22				Experimental	Green et al. 1993	Solid-Melt		12-DEC-2000
Carbonatite	Low Calcium Pyroxene	40	Zr	0.29				Experimental	Green et al. 1993	Solid-Melt		12-DEC-2000
Carbonatite	Low Calcium Pyroxene	41	Nb	0.01				Experimental	Green et al. 1993	Solid-Melt		12-DEC-2000
Carbonatite	Low Calcium Pyroxene	56	Ba	0.006				Experimental	Green et al. 1993	Solid-Melt		12-DEC-2000
Carbonatite	Low Calcium Pyroxene	73	Ta	0.03				Experimental	Green et al. 1993	Solid-Melt		12-DEC-2000
Tholeiitic Basalt	Low Calcium Pyroxene	38	Sr	0.04				Experimental	Green et al. 1989	Solid-Melt		12-DEC-2000
Tholeiitic Basalt	Low Calcium Pyroxene	39	Y	0.18				Experimental	Green et al. 1989	Solid-Melt		12-DEC-2000
Tholeiitic Basalt	Low Calcium Pyroxene	40	Zr	0.18				Experimental	Green et al. 1989	Solid-Melt		12-DEC-2000
Basalt	Low Calcium Pyroxene	57	La			0.002	0.02	Phenocryst-Matrix, Graphical	Irving & Frey 1984	Solid-Melt		12-DEC-2000
Basalt	Low Calcium Pyroxene	58	Ce			0.002	0.02	Phenocryst-Matrix, Graphical	Irving & Frey 1984	Solid-Melt		12-DEC-2000
Basalt	Low Calcium Pyroxene	59	Pr			0.003	0.02	Phenocryst-Matrix, Graphical	Irving & Frey 1984	Solid-Melt		12-DEC-2000
Basalt	Low Calcium Pyroxene	60	Nd			0.005	0.02	Phenocryst-Matrix, Graphical	Irving & Frey 1984	Solid-Melt		12-DEC-2000
Basalt	Low Calcium Pyroxene	61	Pm			0.008	0.03	Phenocryst-Matrix, Graphical	Irving & Frey 1984	Solid-Melt		12-DEC-2000
Basalt	Low Calcium Pyroxene	62	Sm			0.01	0.03	Phenocryst-Matrix, Graphical	Irving & Frey 1984	Solid-Melt		12-DEC-2000
Basalt	Low Calcium Pyroxene	63	Eu			0.02	0.03	Phenocryst-Matrix, Graphical	Irving & Frey 1984	Solid-Melt		12-DEC-2000
Basalt	Low Calcium Pyroxene	64	Gd			0.02	0.04	Phenocryst-Matrix, Graphical	Irving & Frey 1984	Solid-Melt		12-DEC-2000
Basalt	Low Calcium Pyroxene	65	Tb			0.03	0.08	Phenocryst-Matrix, Graphical	Irving & Frey 1984	Solid-Melt		12-DEC-2000
Basalt	Low Calcium Pyroxene	66	Dy			0.03	0.09	Phenocryst-Matrix, Graphical	Irving & Frey 1984	Solid-Melt		12-DEC-2000
Basalt	Low Calcium Pyroxene	67	Ho			0.04	0.1	Phenocryst-Matrix, Graphical	Irving & Frey 1984	Solid-Melt		12-DEC-2000
Basalt	Low Calcium Pyroxene	68	Er			0.05	0.1	Phenocryst-Matrix, Graphical	Irving & Frey 1984	Solid-Melt		12-DEC-2000
Basalt	Low Calcium Pyroxene	69	Tm			0.07	0.3	Phenocryst-Matrix, Graphical	Irving & Frey 1984	Solid-Melt		12-DEC-2000
Basalt	Low Calcium Pyroxene	70	Yb			0.09	0.3	Phenocryst-Matrix, Graphical	Irving & Frey 1984	Solid-Melt		12-DEC-2000
Basalt	Low Calcium Pyroxene	71	Lu			0.01	0.3	Phenocryst-Matrix, Graphical	Irving & Frey 1984	Solid-Melt		12-DEC-2000
Chondritic Basalt	Low Calcium Pyroxene	11	Na	0.016				Phenocryst-Matrix	Jones & Layne 1997	Solid-Melt		12-DEC-2000
Chondritic Basalt	Low Calcium Pyroxene	13	Al	0.07				Phenocryst-Matrix	Jones & Layne 1997	Solid-Melt		12-DEC-2000
Chondritic Basalt	Low Calcium Pyroxene	13	Al			0.018	0.022	Phenocryst-Matrix	Jones & Layne 1997	Solid-Melt		12-DEC-2000
Chondritic Basalt	Low Calcium Pyroxene	20	Ca	1				Phenocryst-Matrix	Jones & Layne 1997	Solid-Melt		12-DEC-2000
Chondritic Basalt	Low Calcium Pyroxene	20	Ca			0.073	0.11	Phenocryst-Matrix	Jones & Layne 1997	Solid-Melt		12-DEC-2000
Chondritic Basalt	Low Calcium Pyroxene	22	Ti	0.2				Phenocryst-Matrix	Jones & Layne 1997	Solid-Melt		12-DEC-2000
Chondritic Basalt	Low Calcium Pyroxene	22	Ti			0.068	0.11	Phenocryst-Matrix	Jones & Layne 1997	Solid-Melt		12-DEC-2000
Chondritic Basalt	Low Calcium Pyroxene	24	Cr	20				Phenocryst-Matrix	Jones & Layne 1997	Solid-Melt		12-DEC-2000
Chondritic Basalt	Low Calcium Pyroxene	24	Cr			14.6	29	Phenocryst-Matrix	Jones & Layne 1997	Solid-Melt		12-DEC-2000
Chondritic Basalt	Low Calcium Pyroxene	25	Mn	1.6				Phenocryst-Matrix	Jones & Layne 1997	Solid-Melt		12-DEC-2000
Chondritic Basalt	Low Calcium Pyroxene	25	Mn			0.98	1.9	Phenocryst-Matrix	Jones & Layne 1997	Solid-Melt		12-DEC-2000
Chondritic Basalt	Low Calcium Pyroxene	26	Fe	1.32				Phenocryst-Matrix	Jones & Layne 1997	Solid-Melt		12-DEC-2000
Chondritic Basalt	Low Calcium Pyroxene	26	Fe			0.94	1.46	Phenocryst-Matrix	Jones & Layne 1997	Solid-Melt		12-DEC-2000
Chondritic Basalt	Low Calcium Pyroxene	38	Sr	0.02				Phenocryst-Matrix	Jones & Layne 1997	Solid-Melt		12-DEC-2000
Chondritic Basalt	Low Calcium Pyroxene	38	Sr	0.001				Phenocryst-Matrix	Jones & Layne 1997	Solid-Melt		12-DEC-2000
Chondritic Basalt	Low Calcium Pyroxene	39	Y	0.074				Phenocryst-Matrix	Jones & Layne 1997	Solid-Melt		12-DEC-2000
Chondritic Basalt	Low Calcium Pyroxene	39	Y			0.008	0.021	Phenocryst-Matrix	Jones & Layne 1997	Solid-Melt		12-DEC-2000
Chondritic Basalt	Low Calcium Pyroxene	40	Zr	0.013				Phenocryst-Matrix	Jones & Layne 1997	Solid-Melt		12-DEC-2000
Chondritic Basalt	Low Calcium Pyroxene	40	Zr	0.002				Phenocryst-Matrix	Jones & Layne 1997	Solid-Melt		12-DEC-2000
Chondritic Basalt	Low Calcium Pyroxene	57	La	0.006				Phenocryst-Matrix	Jones & Layne 1997	Solid-Melt		12-DEC-2000
Chondritic Basalt	Low Calcium Pyroxene	57	La	0.001				Phenocryst-Matrix	Jones & Layne 1997	Solid-Melt		12-DEC-2000
Chondritic Basalt	Low Calcium Pyroxene	58	Ce	0.009				Phenocryst-Matrix	Jones & Layne 1997	Solid-Melt		12-DEC-2000
Chondritic Basalt	Low Calcium Pyroxene	58	Ce	0.001				Phenocryst-Matrix	Jones & Layne 1997	Solid-Melt		12-DEC-2000
Chondritic Basalt	Low Calcium Pyroxene	60	Nd	0.009				Phenocryst-Matrix	Jones & Layne 1997	Solid-Melt		12-DEC-2000
Chondritic Basalt	Low Calcium Pyroxene	60	Nd	0.003				Phenocryst-Matrix	Jones & Layne 1997	Solid-Melt		12-DEC-2000
Chondritic Basalt	Low Calcium Pyroxene	62	Sm	0.004				Phenocryst-Matrix	Jones & Layne 1997	Solid-Melt		12-DEC-2000
Chondritic Basalt	Low Calcium Pyroxene	64	Gd	0.008				Phenocryst-Matrix	Jones & Layne 1997	Solid-Melt		12-DEC-2000
Chondritic Basalt	Low Calcium Pyroxene	66	Dy	0.033				Phenocryst-Matrix	Jones & Layne 1997	Solid-Melt		12-DEC-2000
Chondritic Basalt	Low Calcium Pyroxene	66	Dy			0.011	0.018	Phenocryst-Matrix	Jones & Layne 1997	Solid-Melt		12-DEC-2000
Chondritic Basalt	Low Calcium Pyroxene	68	Er	0.065				Phenocryst-Matrix	Jones & Layne 1997	Solid-Melt		12-DEC-2000
Chondritic Basalt	Low Calcium Pyroxene	68	Er			0.012	0.022	Phenocryst-Matrix	Jones & Layne 1997	Solid-Melt		12-DEC-2000
Chondritic Basalt	Low Calcium Pyroxene	70	Yb	0.065				Phenocryst-Matrix	Jones & Layne 1997	Solid-Melt		12-DEC-2000
Chondritic Basalt	Low Calcium Pyroxene	70	Yb			0.013	0.024	Phenocryst-Matrix	Jones & Layne 1997	Solid-Melt		12-DEC-2000
Basalt	Low Calcium Pyroxene	19	K	0.0003				Phenocryst-Matrix, Experimental	Keleman & Dunn 1992	Solid-Melt		12-DEC-2000
Basalt	Low Calcium Pyroxene	38	Sr	0.002				Phenocryst-Matrix, Experimental	Keleman & Dunn 1992	Solid-Melt		12-DEC-2000
Basalt	Low Calcium Pyroxene	40	Zr	0.02				Phenocryst-Matrix, Experimental	Keleman & Dunn 1992	Solid-Melt		12-DEC-2000
Basalt	Low Calcium Pyroxene	41	Nb	0.003				Phenocryst-Matrix, Experimental	Keleman & Dunn 1992	Solid-Melt		12-DEC-2000
Basalt	Low Calcium Pyroxene	57	La	0.0005				Phenocryst-Matrix, Experimental	Keleman & Dunn 1992	Solid-Melt		12-DEC-2000
Basalt	Low Calcium Pyroxene	58	Ce	0.001				Phenocryst-Matrix, Experimental	Keleman & Dunn 1992	Solid-Melt		12-DEC-2000
Chondritic Basalt	Low Calcium Pyroxene	13	Al			0.019	0.063	Experimental	Kennedy et al. 1993	Solid-Melt		12-DEC-2000
Chondritic Basalt	Low Calcium Pyroxene	14	Si			0.89	1.1	Experimental	Kennedy et al. 1993	Solid-Melt		12-DEC-2000
Chondritic Basalt	Low Calcium Pyroxene	21	Sc			0.48	1.5	Experimental	Kennedy et al. 1993	Solid-Melt		12-DEC-2000
Chondritic Basalt	Low Calcium Pyroxene	22	Ti			0.061	0.063	Experimental	Kennedy et al. 1993	Solid-Melt		12-DEC-2000
Chondritic Basalt	Low Calcium Pyroxene	23	V			0.52	2.9	Experimental	Kennedy et al. 1993	Solid-Melt		12-DEC-2000
Chondritic Basalt	Low Calcium Pyroxene	24	Cr			0.58	2.2	Experimental	Kennedy et al. 1993	Solid-Melt		12-DEC-2000
Chondritic Basalt	Low Calcium Pyroxene	25	Mn			0.37	0.67	Experimental	Kennedy et al. 1993	Solid-Melt		12-DEC-2000
Chondritic Basalt	Low Calcium Pyroxene	26	Fe			0.37	0.65	Experimental	Kennedy et al. 1993	Solid-Melt		12-DEC-2000
Chondritic Basalt	Low Calcium Pyroxene	27	Co			0.71	1.5	Experimental	Kennedy et al. 1993	Solid-Melt		12-DEC-2000
Chondritic Basalt	Low Calcium Pyroxene	28	Ni			0.72	2	Experimental	Kennedy et al. 1993	Solid-Melt		12-DEC-2000
Chondritic Basalt	Low Calcium Pyroxene	32	Ge			0.065	0.35	Experimental	Kennedy et al. 1993	Solid-Melt		12-DEC-2000
Chondritic Basalt	Low Calcium Pyroxene	38	Sr			0.00051	0.15	Experimental	Kennedy et al. 1993	Solid-Melt		12-DEC-2000
Chondritic Basalt	Low Calcium Pyroxene	39	Y			0.0096	0.079	Experimental	Kennedy et al. 1993	Solid-Melt		12-DEC-2000
Chondritic Basalt	Low Calcium Pyroxene	40	Zr			0.0033	0.069	Experimental	Kennedy et al. 1993	Solid-Melt		12-DEC-2000
Chondritic Basalt	Low Calcium Pyroxene	41	Nb			0.0014	0.079	Experimental	Kennedy et al. 1993	Solid-Melt		12-DEC-2000
Chondritic Basalt	Low Calcium Pyroxene	56	Ba			0.00017	0.47	Experimental	Kennedy et al. 1993	Solid-Melt		12-DEC-2000
Chondritic Basalt	Low Calcium Pyroxene	57	La			0.00009	0.062	Experimental	Kennedy et al. 1993	Solid-Melt		12-DEC-2000
Chondritic Basalt	Low Calcium Pyroxene	58	Ce			0.00014	0.063	Experimental	Kennedy et al. 1993	Solid-Melt		12-DEC-2000
Chondritic Basalt	Low Calcium Pyroxene	59	Pr			0.00027	0.063	Experimental	Kennedy et al. 1993	Solid-Melt		12-DEC-2000
Chondritic Basalt	Low Calcium Pyroxene	60	Nd			0.00049	0.065	Experimental	Kennedy et al. 1993	Solid-Melt		12-DEC-2000
Chondritic Basalt	Low Calcium Pyroxene	62	Sm			0.0016	0.064	Experimental	Kennedy et al. 1993	Solid-Melt		12-DEC-2000
Chondritic Basalt	Low Calcium Pyroxene	63	Eu			0.00064	0.064	Experimental	Kennedy et al. 1993	Solid-Melt		12-DEC-2000
Chondritic Basalt	Low Calcium Pyroxene	64	Gd			0.0016	0.068	Experimental	Kennedy et al. 1993	Solid-Melt		12-DEC-2000
Chondritic Basalt	Low Calcium Pyroxene	65	Tb			0.0044	0.069	Experimental	Kennedy et al. 1993	Solid-Melt		12-DEC-2000
Chondritic Basalt	Low Calcium Pyroxene	66	Dy			0.007	0.075	Experimental	Kennedy et al. 1993	Solid-Melt		12-DEC-2000
Chondritic Basalt	Low Calcium Pyroxene	67	Ho			0.0078	0.078	Experimental	Kennedy et al. 1993	Solid-Melt		12-DEC-2000
Chondritic Basalt	Low Calcium Pyroxene	68	Er			0.016	0.085	Experimental	Kennedy et al. 1993	Solid-Melt		12-DEC-2000
Chondritic Basalt	Low Calcium Pyroxene	69	Tm			0.016	0.091	Experimental	Kennedy et al. 1993	Solid-Melt		12-DEC-2000
Chondritic Basalt	Low Calcium Pyroxene	70	Yb			0.032	0.096	Experimental	Kennedy et al. 1993	Solid-Melt		12-DEC-2000
Chondritic Basalt	Low Calcium Pyroxene	71	Lu			0.042	0.11	Experimental	Kennedy et al. 1993	Solid-Melt		12-DEC-2000
Chondritic Basalt	Low Calcium Pyroxene	72	Hf			0.0044	0.08	Experimental	Kennedy et al. 1993	Solid-Melt		12-DEC-2000
Chondritic Basalt	Low Calcium Pyroxene	90	Th			0.00011	0.058	Experimental	Kennedy et al. 1993	Solid-Melt		12-DEC-2000
Chondritic Basalt	Low Calcium Pyroxene	92	U			0.000059	0.079	Experimental	Kennedy et al. 1993	Solid-Melt		12-DEC-2000
Andesite	Low Calcium Pyroxene	21	Sc			2.2	4.7	Phenocryst-Matrix	Luhr & Carmichael 1980	Solid-Melt		12-DEC-2000
Andesite	Low Calcium Pyroxene	23	V			0.47	2.2	Phenocryst-Matrix	Luhr & Carmichael 1980	Solid-Melt		12-DEC-2000
Andesite	Low Calcium Pyroxene	24	Cr			21	143	Phenocryst-Matrix	Luhr & Carmichael 1980	Solid-Melt		12-DEC-2000
Andesite	Low Calcium Pyroxene	28	Ni			0.79	24	Phenocryst-Matrix	Luhr & Carmichael 1980	Solid-Melt		12-DEC-2000
Andesite	Low Calcium Pyroxene	30	Zn			2.6	4.4	Phenocryst-Matrix	Luhr & Carmichael 1980	Solid-Melt		12-DEC-2000
Andesite	Low Calcium Pyroxene	55	Cs			0.31	0.45	Phenocryst-Matrix	Luhr & Carmichael 1980	Solid-Melt		12-DEC-2000
Andesite	Low Calcium Pyroxene	56	Ba			0.03	0.23	Phenocryst-Matrix	Luhr & Carmichael 1980	Solid-Melt		12-DEC-2000
Andesite	Low Calcium Pyroxene	57	La			0.03	0.3	Phenocryst-Matrix	Luhr & Carmichael 1980	Solid-Melt		12-DEC-2000
Andesite	Low Calcium Pyroxene	58	Ce			0.02	0.33	Phenocryst-Matrix	Luhr & Carmichael 1980	Solid-Melt		12-DEC-2000
Andesite	Low Calcium Pyroxene	60	Nd			0.05	0.43	Phenocryst-Matrix	Luhr & Carmichael 1980	Solid-Melt		12-DEC-2000
Andesite	Low Calcium Pyroxene	62	Sm			0.06	0.43	Phenocryst-Matrix	Luhr & Carmichael 1980	Solid-Melt		12-DEC-2000
Andesite	Low Calcium Pyroxene	63	Eu			0.07	0.42	Phenocryst-Matrix	Luhr & Carmichael 1980	Solid-Melt		12-DEC-2000
Andesite	Low Calcium Pyroxene	65	Tb			0.15	0.48	Phenocryst-Matrix	Luhr & Carmichael 1980	Solid-Melt		12-DEC-2000
Andesite	Low Calcium Pyroxene	66	Dy			0.21	0.56	Phenocryst-Matrix	Luhr & Carmichael 1980	Solid-Melt		12-DEC-2000
Andesite	Low Calcium Pyroxene	70	Yb			0.29	0.56	Phenocryst-Matrix	Luhr & Carmichael 1980	Solid-Melt		12-DEC-2000
Andesite	Low Calcium Pyroxene	71	Lu			0.31	0.68	Phenocryst-Matrix	Luhr & Carmichael 1980	Solid-Melt		12-DEC-2000
Andesite	Low Calcium Pyroxene	72	Hf			0.02	0.22	Phenocryst-Matrix	Luhr & Carmichael 1980	Solid-Melt		12-DEC-2000
Andesite	Low Calcium Pyroxene	90	Th			0.04	0.22	Phenocryst-Matrix	Luhr & Carmichael 1980	Solid-Melt		12-DEC-2000
Trachyandesite	Low Calcium Pyroxene	21	Sc	56.3				Phenocryst-Matrix	Luhr et al. 1984	Solid-Melt		12-DEC-2000
Trachyandesite	Low Calcium Pyroxene	24	Cr	2				Phenocryst-Matrix	Luhr et al. 1984	Solid-Melt		12-DEC-2000
Trachyandesite	Low Calcium Pyroxene	27	Co	17				Phenocryst-Matrix	Luhr et al. 1984	Solid-Melt		12-DEC-2000
Trachyandesite	Low Calcium Pyroxene	30	Zn	8.5				Phenocryst-Matrix	Luhr et al. 1984	Solid-Melt		12-DEC-2000
Trachyandesite	Low Calcium Pyroxene	56	Ba				0.03	Phenocryst-Matrix	Luhr et al. 1984	Solid-Melt		12-DEC-2000
Trachyandesite	Low Calcium Pyroxene	57	La	0.33				Phenocryst-Matrix	Luhr et al. 1984	Solid-Melt		12-DEC-2000
Trachyandesite	Low Calcium Pyroxene	58	Ce	0.56				Phenocryst-Matrix	Luhr et al. 1984	Solid-Melt		12-DEC-2000
Trachyandesite	Low Calcium Pyroxene	60	Nd	1.1				Phenocryst-Matrix	Luhr et al. 1984	Solid-Melt		12-DEC-2000
Trachyandesite	Low Calcium Pyroxene	62	Sm	1.76		1.76		Phenocryst-Matrix	Luhr et al. 1984	Solid-Melt		12-DEC-2000
Trachyandesite	Low Calcium Pyroxene	63	Eu	1.55				Phenocryst-Matrix	Luhr et al. 1984	Solid-Melt		12-DEC-2000
Trachyandesite	Low Calcium Pyroxene	65	Tb	2.6				Phenocryst-Matrix	Luhr et al. 1984	Solid-Melt		12-DEC-2000
Trachyandesite	Low Calcium Pyroxene	66	Dy	2.3				Phenocryst-Matrix	Luhr et al. 1984	Solid-Melt		12-DEC-2000
Trachyandesite	Low Calcium Pyroxene	70	Yb	1.56				Phenocryst-Matrix	Luhr et al. 1984	Solid-Melt		12-DEC-2000
Trachyandesite	Low Calcium Pyroxene	71	Lu	1.9				Phenocryst-Matrix	Luhr et al. 1984	Solid-Melt		12-DEC-2000
Trachyandesite	Low Calcium Pyroxene	72	Hf	0.6				Phenocryst-Matrix	Luhr et al. 1984	Solid-Melt		12-DEC-2000
Trachyandesite	Low Calcium Pyroxene	73	Ta	0.159				Phenocryst-Matrix	Luhr et al. 1984	Solid-Melt		12-DEC-2000
Trachyandesite	Low Calcium Pyroxene	74	W				0.3	Phenocryst-Matrix	Luhr et al. 1984	Solid-Melt		12-DEC-2000
Trachyandesite	Low Calcium Pyroxene	90	Th	0.018				Phenocryst-Matrix	Luhr et al. 1984	Solid-Melt		12-DEC-2000
Trachyandesite	Low Calcium Pyroxene	92	U	0.028				Phenocryst-Matrix	Luhr et al. 1984	Solid-Melt		12-DEC-2000
High Silica Rhyolite	Low Calcium Pyroxene	21	Sc			18.1	96	Phenocryst-Matrix	Mahood & Hildreth 1983	Solid-Melt		12-DEC-2000
High Silica Rhyolite	Low Calcium Pyroxene	25	Mn			25.4	57	Phenocryst-Matrix	Mahood & Hildreth 1983	Solid-Melt		12-DEC-2000
High Silica Rhyolite	Low Calcium Pyroxene	27	Co			56	196	Phenocryst-Matrix	Mahood & Hildreth 1983	Solid-Melt		12-DEC-2000
High Silica Rhyolite	Low Calcium Pyroxene	30	Zn			7.5	19	Phenocryst-Matrix	Mahood & Hildreth 1983	Solid-Melt		12-DEC-2000
High Silica Rhyolite	Low Calcium Pyroxene	56	Ba			35	2.3	Phenocryst-Matrix	Mahood & Hildreth 1983	Solid-Melt		12-DEC-2000
High Silica Rhyolite	Low Calcium Pyroxene	57	La			10.8	18	Phenocryst-Matrix	Mahood & Hildreth 1983	Solid-Melt		12-DEC-2000
High Silica Rhyolite	Low Calcium Pyroxene	58	Ce			9	15.6	Phenocryst-Matrix	Mahood & Hildreth 1983	Solid-Melt		12-DEC-2000
High Silica Rhyolite	Low Calcium Pyroxene	60	Nd			7.8	14	Phenocryst-Matrix	Mahood & Hildreth 1983	Solid-Melt		12-DEC-2000
High Silica Rhyolite	Low Calcium Pyroxene	62	Sm			6.47	11.75	Experimental	Mahood & Hildreth 1983	Solid-Melt		12-DEC-2000
High Silica Rhyolite	Low Calcium Pyroxene	63	Eu			2.4	5.4	Phenocryst-Matrix	Mahood & Hildreth 1983	Solid-Melt		12-DEC-2000
High Silica Rhyolite	Low Calcium Pyroxene	65	Tb			4.7	10.5	Phenocryst-Matrix	Mahood & Hildreth 1983	Solid-Melt		12-DEC-2000
High Silica Rhyolite	Low Calcium Pyroxene	66	Dy			3.3	10.3	Phenocryst-Matrix	Mahood & Hildreth 1983	Solid-Melt		12-DEC-2000
High Silica Rhyolite	Low Calcium Pyroxene	70	Yb			2.1	5	Phenocryst-Matrix	Mahood & Hildreth 1983	Solid-Melt		12-DEC-2000
High Silica Rhyolite	Low Calcium Pyroxene	71	Lu			2.1	4.8	Phenocryst-Matrix	Mahood & Hildreth 1983	Solid-Melt		12-DEC-2000
High Silica Rhyolite	Low Calcium Pyroxene	73	Ta			0.72	1.29	Phenocryst-Matrix	Mahood & Hildreth 1983	Solid-Melt		12-DEC-2000
High Silica Rhyolite	Low Calcium Pyroxene	90	Th			5.3	7.76	Phenocryst-Matrix	Mahood & Hildreth 1983	Solid-Melt		12-DEC-2000
High Silica Rhyolite	Low Calcium Pyroxene	92	U			0.07	0.35	Phenocryst-Matrix	Mahood & Hildreth 1983	Solid-Melt		12-DEC-2000
KREEP, Lunar Basalt	Low Calcium Pyroxene	24	Cr	5.2				Experimental	McKay & Weill 1976	Solid-Melt		12-DEC-2000
KREEP, Lunar Basalt	Low Calcium Pyroxene	56	Ba	0.011				Experimental	McKay & Weill 1976	Solid-Melt		12-DEC-2000
Lunar Basalt	Low Calcium Pyroxene	21	Sc	1.4				Experimental	McKay & Weill 1977	Solid-Melt		12-DEC-2000
Lunar Mare Basalt	Low Calcium Pyroxene	72	Hf			0.034	0.085	Experimental	McKay et al. 1986	Solid-Melt		12-DEC-2000
Basalt	Low Calcium Pyroxene	22	Ti	0.024				Calculated	McKenzie & O'Nions 1991	Solid-Melt		12-DEC-2000
Basalt	Low Calcium Pyroxene	37	Rb	0.0006				Calculated	McKenzie & O'Nions 1991	Solid-Melt		12-DEC-2000
Basalt	Low Calcium Pyroxene	38	Sr	0.007				Calculated	McKenzie & O'Nions 1991	Solid-Melt		12-DEC-2000
Basalt	Low Calcium Pyroxene	57	La	0.002				Calculated	McKenzie & O'Nions 1991	Solid-Melt		12-DEC-2000
Basalt	Low Calcium Pyroxene	58	Ce	0.003				Calculated	McKenzie & O'Nions 1991	Solid-Melt		12-DEC-2000
Basalt	Low Calcium Pyroxene	59	Pr	0.0048				Calculated	McKenzie & O'Nions 1991	Solid-Melt		12-DEC-2000
Basalt	Low Calcium Pyroxene	60	Nd	0.0068				Calculated	McKenzie & O'Nions 1991	Solid-Melt		12-DEC-2000
Basalt	Low Calcium Pyroxene	62	Sm	0.01				Calculated	McKenzie & O'Nions 1991	Solid-Melt		12-DEC-2000
Basalt	Low Calcium Pyroxene	63	Eu	0.013				Calculated	McKenzie & O'Nions 1991	Solid-Melt		12-DEC-2000
Basalt	Low Calcium Pyroxene	64	Gd	0.016				Calculated	McKenzie & O'Nions 1991	Solid-Melt		12-DEC-2000
Basalt	Low Calcium Pyroxene	65	Tb	0.019				Calculated	McKenzie & O'Nions 1991	Solid-Melt		12-DEC-2000
Basalt	Low Calcium Pyroxene	66	Dy	0.022				Calculated	McKenzie & O'Nions 1991	Solid-Melt		12-DEC-2000
Basalt	Low Calcium Pyroxene	67	Ho	0.026				Calculated	McKenzie & O'Nions 1991	Solid-Melt		12-DEC-2000
Basalt	Low Calcium Pyroxene	68	Er	0.03				Calculated	McKenzie & O'Nions 1991	Solid-Melt		12-DEC-2000
Basalt	Low Calcium Pyroxene	69	Tm	0.04				Calculated	McKenzie & O'Nions 1991	Solid-Melt		12-DEC-2000
Basalt	Low Calcium Pyroxene	70	Yb	0.049				Calculated	McKenzie & O'Nions 1991	Solid-Melt		12-DEC-2000
Basalt	Low Calcium Pyroxene	71	Lu	0.06				Calculated	McKenzie & O'Nions 1991	Solid-Melt		12-DEC-2000
Basalt	Low Calcium Pyroxene	72	Hf	0.01				Calculated	McKenzie & O'Nions 1991	Solid-Melt		12-DEC-2000
Basalt	Low Calcium Pyroxene	82	Pb	0.0013				Calculated	McKenzie & O'Nions 1991	Solid-Melt		12-DEC-2000
Basalt	Low Calcium Pyroxene	90	Th	0.0001				Calculated	McKenzie & O'Nions 1991	Solid-Melt		12-DEC-2000
Basalt	Low Calcium Pyroxene	92	U	0.0001				Calculated	McKenzie & O'Nions 1991	Solid-Melt		12-DEC-2000
Basalt	Low Calcium Pyroxene	28	Ni	1.1				Experimental	Mysen 1978	Solid-Melt		12-DEC-2000
Synthetic Fo-Ab-Qtz-H2O	Low Calcium Pyroxene	28	Ni			0.6	1.39	Experimental	Mysen 1976	Solid-Melt		12-DEC-2000
Synthetic Fo-Ab-Qtz-H2O	Low Calcium Pyroxene	62	Sm			0.018	0.57	Experimental	Mysen 1976	Solid-Melt		12-DEC-2000
Dacite	Low Calcium Pyroxene	3	Li			0.16	0.21	Phenocryst-Matrix	Nagasawa & Schnetzler 1971	Solid-Melt		12-DEC-2000
Dacite	Low Calcium Pyroxene	12	Mg			48.5	50.6	Phenocryst-Matrix	Nagasawa & Schnetzler 1971	Solid-Melt		12-DEC-2000
Dacite	Low Calcium Pyroxene	19	K			0.00055	0.0023	Phenocryst-Matrix	Nagasawa & Schnetzler 1971	Solid-Melt		12-DEC-2000
Dacite	Low Calcium Pyroxene	20	Ca			0.55	1.04	Phenocryst-Matrix	Nagasawa & Schnetzler 1971	Solid-Melt		12-DEC-2000
Dacite	Low Calcium Pyroxene	25	Mn			29.2	33.7	Phenocryst-Matrix	Nagasawa & Schnetzler 1971	Solid-Melt		12-DEC-2000
Dacite	Low Calcium Pyroxene	37	Rb			0.00048	0.0027	Phenocryst-Matrix	Nagasawa & Schnetzler 1971	Solid-Melt		12-DEC-2000
Dacite	Low Calcium Pyroxene	38	Sr			0.0085	0.046	Phenocryst-Matrix	Nagasawa & Schnetzler 1971	Solid-Melt		12-DEC-2000
Dacite	Low Calcium Pyroxene	56	Ba			0.0025	0.0029	Phenocryst-Matrix	Nagasawa & Schnetzler 1971	Solid-Melt		12-DEC-2000
Dacite	Low Calcium Pyroxene	58	Ce			0.082	0.262	Phenocryst-Matrix	Nagasawa & Schnetzler 1971	Solid-Melt		12-DEC-2000
Dacite	Low Calcium Pyroxene	58	Ce	0.362				Phenocryst-Matrix	Nagasawa & Schnetzler 1971	Solid-Melt		12-DEC-2000
Dacite	Low Calcium Pyroxene	60	Nd			0.113	0.348	Phenocryst-Matrix	Nagasawa & Schnetzler 1971	Solid-Melt		12-DEC-2000
Dacite	Low Calcium Pyroxene	60	Nd	0.94				Phenocryst-Matrix	Nagasawa & Schnetzler 1971	Solid-Melt		12-DEC-2000
Dacite	Low Calcium Pyroxene	62	Sm			0.133	0.384	Phenocryst-Matrix	Nagasawa & Schnetzler 1971	Solid-Melt		12-DEC-2000
Dacite	Low Calcium Pyroxene	62	Sm	1.52				Phenocryst-Matrix	Nagasawa & Schnetzler 1971	Solid-Melt		12-DEC-2000
Dacite	Low Calcium Pyroxene	63	Eu	1.11				Phenocryst-Matrix	Nagasawa & Schnetzler 1971	Solid-Melt		12-DEC-2000
Dacite	Low Calcium Pyroxene	63	Eu			0.093	0.27	Phenocryst-Matrix	Nagasawa & Schnetzler 1971	Solid-Melt		12-DEC-2000
Dacite	Low Calcium Pyroxene	64	Gd			0.17	0.276	Phenocryst-Matrix	Nagasawa & Schnetzler 1971	Solid-Melt		12-DEC-2000
Dacite	Low Calcium Pyroxene	66	Dy	2.63				Phenocryst-Matrix	Nagasawa & Schnetzler 1971	Solid-Melt		12-DEC-2000
Dacite	Low Calcium Pyroxene	66	Dy			0.26	0.55	Phenocryst-Matrix	Nagasawa & Schnetzler 1971	Solid-Melt		12-DEC-2000
Dacite	Low Calcium Pyroxene	68	Er	2.25				Phenocryst-Matrix	Nagasawa & Schnetzler 1971	Solid-Melt		12-DEC-2000
Dacite	Low Calcium Pyroxene	68	Er			0.431	0.73	Phenocryst-Matrix	Nagasawa & Schnetzler 1971	Solid-Melt		12-DEC-2000
Dacite	Low Calcium Pyroxene	70	Yb			0.73	0.99	Phenocryst-Matrix	Nagasawa & Schnetzler 1971	Solid-Melt		12-DEC-2000
Dacite	Low Calcium Pyroxene	70	Yb	2.01				Phenocryst-Matrix	Nagasawa & Schnetzler 1971	Solid-Melt		12-DEC-2000
Dacite	Low Calcium Pyroxene	71	Lu	1.81				Phenocryst-Matrix	Nagasawa & Schnetzler 1971	Solid-Melt		12-DEC-2000
Dacite	Low Calcium Pyroxene	71	Lu			0.76	1.14	Phenocryst-Matrix	Nagasawa & Schnetzler 1971	Solid-Melt		12-DEC-2000
Rhyolite	Low Calcium Pyroxene	21	Sc	18				Phenocryst-Matrix	Nash & Crecraft 1985	Solid-Melt		12-DEC-2000
Rhyolite	Low Calcium Pyroxene	25	Mn			41	50	Phenocryst-Matrix	Nash & Crecraft 1985	Solid-Melt		12-DEC-2000
Rhyolite	Low Calcium Pyroxene	55	Cs			0.44	0.77	Phenocryst-Matrix	Nash & Crecraft 1985	Solid-Melt		12-DEC-2000
Rhyolite	Low Calcium Pyroxene	57	La			0.72	0.84	Phenocryst-Matrix	Nash & Crecraft 1985	Solid-Melt		12-DEC-2000
Rhyolite	Low Calcium Pyroxene	58	Ce			0.87	0.99	Phenocryst-Matrix	Nash & Crecraft 1985	Solid-Melt		12-DEC-2000
Rhyolite	Low Calcium Pyroxene	60	Nd			1.2	1.3	Phenocryst-Matrix	Nash & Crecraft 1985	Solid-Melt		12-DEC-2000
Rhyolite	Low Calcium Pyroxene	62	Sm			1.5	1.7	Phenocryst-Matrix	Nash & Crecraft 1985	Solid-Melt		12-DEC-2000
Rhyolite	Low Calcium Pyroxene	63	Eu			0.81	0.84	Phenocryst-Matrix	Nash & Crecraft 1985	Solid-Melt		12-DEC-2000
Rhyolite	Low Calcium Pyroxene	65	Tb			1.8	1.9	Phenocryst-Matrix	Nash & Crecraft 1985	Solid-Melt		12-DEC-2000
Rhyolite	Low Calcium Pyroxene	66	Dy	1.8				Phenocryst-Matrix	Nash & Crecraft 1985	Solid-Melt		12-DEC-2000
Rhyolite	Low Calcium Pyroxene	70	Yb			2	2.4	Phenocryst-Matrix	Nash & Crecraft 1985	Solid-Melt		12-DEC-2000
Rhyolite	Low Calcium Pyroxene	71	Lu			2.1	2.4	Phenocryst-Matrix	Nash & Crecraft 1985	Solid-Melt		12-DEC-2000
Rhyolite	Low Calcium Pyroxene	72	Hf			0.18	0.22	Phenocryst-Matrix	Nash & Crecraft 1985	Solid-Melt		12-DEC-2000
Rhyolite	Low Calcium Pyroxene	73	Ta			0.13	0.2	Phenocryst-Matrix	Nash & Crecraft 1985	Solid-Melt		12-DEC-2000
Rhyolite	Low Calcium Pyroxene	90	Th			0.11	0.15	Phenocryst-Matrix	Nash & Crecraft 1985	Solid-Melt		12-DEC-2000
Rhyolite	Low Calcium Pyroxene	92	U			0.12	0.17	Phenocryst-Matrix	Nash & Crecraft 1985	Solid-Melt		12-DEC-2000
Basalt-Andesite	Low Calcium Pyroxene	21	Sc			0.6	2.3	Experimental	Nielsen et al. 1992	Solid-Melt		12-DEC-2000
Basalt-Andesite	Low Calcium Pyroxene	62	Sm			0.03	0.16	Experimental	Nielsen et al. 1992	Solid-Melt		12-DEC-2000
Basalt-Andesite	Low Calcium Pyroxene	64	Gd			0.03	0.23	Experimental	Nielsen et al. 1992	Solid-Melt		12-DEC-2000
Basalt-Andesite	Low Calcium Pyroxene	70	Yb			0.07	0.38	Experimental	Nielsen et al. 1992	Solid-Melt		12-DEC-2000
Basalt-Andesite-Dacite	Low Calcium Pyroxene	11	Na			0.088	0.099	Phenocryst-Matrix	Okamoto 1979	Solid-Melt		12-DEC-2000
Basalt-Andesite-Dacite	Low Calcium Pyroxene	12	Mg			13.4	18.9	Phenocryst-Matrix	Okamoto 1979	Solid-Melt		12-DEC-2000
Basalt-Andesite-Dacite	Low Calcium Pyroxene	19	K			0.016	0.056	Phenocryst-Matrix	Okamoto 1979	Solid-Melt		12-DEC-2000
Basalt-Andesite-Dacite	Low Calcium Pyroxene	20	Ca			0.64	4.13	Phenocryst-Matrix	Okamoto 1979	Solid-Melt		12-DEC-2000
Basalt-Andesite-Dacite	Low Calcium Pyroxene	21	Sc			5.68	9.71	Phenocryst-Matrix	Okamoto 1979	Solid-Melt		12-DEC-2000
Basalt-Andesite-Dacite	Low Calcium Pyroxene	22	Ti			0.49	0.83	Phenocryst-Matrix	Okamoto 1979	Solid-Melt		12-DEC-2000
Basalt-Andesite-Dacite	Low Calcium Pyroxene	24	Cr			11.2	19.2	Phenocryst-Matrix	Okamoto 1979	Solid-Melt		12-DEC-2000
Basalt-Andesite-Dacite	Low Calcium Pyroxene	25	Mn			4.72	7.81	Phenocryst-Matrix	Okamoto 1979	Solid-Melt		12-DEC-2000
Basalt-Andesite-Dacite	Low Calcium Pyroxene	26	Fe			3.14	5.69	Phenocryst-Matrix	Okamoto 1979	Solid-Melt		12-DEC-2000
Basalt-Andesite-Dacite	Low Calcium Pyroxene	27	Co			8.99	14.9	Phenocryst-Matrix	Okamoto 1979	Solid-Melt		12-DEC-2000
Basalt-Andesite-Dacite	Low Calcium Pyroxene	38	Sr			0.1	0.21	Phenocryst-Matrix	Okamoto 1979	Solid-Melt		12-DEC-2000
Basalt-Andesite-Dacite	Low Calcium Pyroxene	56	Ba			0.016	0.11	Phenocryst-Matrix	Okamoto 1979	Solid-Melt		12-DEC-2000
Basalt-Andesite-Dacite	Low Calcium Pyroxene	57	La			0.083	0.26	Phenocryst-Matrix	Okamoto 1979	Solid-Melt		12-DEC-2000
Basalt-Andesite-Dacite	Low Calcium Pyroxene	58	Ce			0.11	0.47	Phenocryst-Matrix	Okamoto 1979	Solid-Melt		12-DEC-2000
Basalt-Andesite-Dacite	Low Calcium Pyroxene	62	Sm			0.14	1.36	Phenocryst-Matrix	Okamoto 1979	Solid-Melt		12-DEC-2000
Basalt-Andesite-Dacite	Low Calcium Pyroxene	63	Eu			0.17	0.89	Phenocryst-Matrix	Okamoto 1979	Solid-Melt		12-DEC-2000
Basalt-Andesite-Dacite	Low Calcium Pyroxene	65	Tb			0.31	1.98	Phenocryst-Matrix	Okamoto 1979	Solid-Melt		12-DEC-2000
Basalt-Andesite-Dacite	Low Calcium Pyroxene	70	Yb			0.57	1.51	Phenocryst-Matrix	Okamoto 1979	Solid-Melt		12-DEC-2000
Basalt-Andesite-Dacite	Low Calcium Pyroxene	71	Lu			0.78	1.41	Phenocryst-Matrix	Okamoto 1979	Solid-Melt		12-DEC-2000
Basalt-Andesite-Dacite	Low Calcium Pyroxene	72	Hf			0.12	0.18	Phenocryst-Matrix	Okamoto 1979	Solid-Melt		12-DEC-2000
Basalt-Andesite-Dacite	Low Calcium Pyroxene	90	Th			0.041	0.048	Phenocryst-Matrix	Okamoto 1979	Solid-Melt		12-DEC-2000
Andesite	Low Calcium Pyroxene	37	Rb			0.0148	0.0287	Phenocryst-Matrix	Philpotts & Schnetzler 1970	Solid-Melt		12-DEC-2000
Andesite	Low Calcium Pyroxene	38	Sr			0.0104	0.0241	Phenocryst-Matrix	Philpotts & Schnetzler 1970	Solid-Melt		12-DEC-2000
Andesite	Low Calcium Pyroxene	56	Ba			0.0121	0.0141	Phenocryst-Matrix	Philpotts & Schnetzler 1970	Solid-Melt		12-DEC-2000
Andesite-Basalt	Low Calcium Pyroxene	19	K			0.00908	0.019	Phenocryst-Matrix	Philpotts & Schnetzler 1970	Solid-Melt		12-DEC-2000
Basalt-Andesite	Low Calcium Pyroxene	23	V			0.5	7.2	Phenocryst-Matrix	Reid 1983	Solid-Melt		12-DEC-2000
Basalt-Andesite	Low Calcium Pyroxene	24	Cr			7	23	Phenocryst-Matrix	Reid 1983	Solid-Melt		12-DEC-2000
Basalt-Andesite	Low Calcium Pyroxene	37	Rb			0.01	0.03	Phenocryst-Matrix	Reid 1983	Solid-Melt		12-DEC-2000
Basalt-Andesite	Low Calcium Pyroxene	38	Sr			0.01	0.04	Phenocryst-Matrix	Reid 1983	Solid-Melt		12-DEC-2000
Basalt-Andesite	Low Calcium Pyroxene	56	Ba			0.01	0.06	Phenocryst-Matrix	Reid 1983	Solid-Melt		12-DEC-2000
Basalt-Andesite	Low Calcium Pyroxene	58	Ce			0.03	0.04	Phenocryst-Matrix	Reid 1983	Solid-Melt		12-DEC-2000
Basalt-Andesite	Low Calcium Pyroxene	60	Nd	0.07				Phenocryst-Matrix	Reid 1983	Solid-Melt		12-DEC-2000
Basalt-Andesite	Low Calcium Pyroxene	62	Sm	0.1				Phenocryst-Matrix	Reid 1983	Solid-Melt		12-DEC-2000
Basalt-Andesite	Low Calcium Pyroxene	63	Eu			0.06	0.08	Phenocryst-Matrix	Reid 1983	Solid-Melt		12-DEC-2000
Basalt-Andesite	Low Calcium Pyroxene	64	Gd	0.1				Phenocryst-Matrix	Reid 1983	Solid-Melt		12-DEC-2000
Basalt-Andesite	Low Calcium Pyroxene	66	Dy	0.3				Phenocryst-Matrix	Reid 1983	Solid-Melt		12-DEC-2000
Basalt-Andesite	Low Calcium Pyroxene	70	Yb			0.24	0.67	Phenocryst-Matrix	Reid 1983	Solid-Melt		12-DEC-2000
Andesite	Low Calcium Pyroxene	58	Ce			0.031	0.043	Phenocryst-Matrix	Schnetzler & Philpotts 1970	Solid-Melt		12-DEC-2000
Andesite	Low Calcium Pyroxene	58	Ce	0.02				Phenocryst-Matrix	Schnetzler & Philpotts 1970	Solid-Melt		12-DEC-2000
Andesite	Low Calcium Pyroxene	60	Nd			0.034	0.058	Phenocryst-Matrix	Schnetzler & Philpotts 1970	Solid-Melt		12-DEC-2000
Andesite	Low Calcium Pyroxene	60	Nd	0.049				Phenocryst-Matrix	Schnetzler & Philpotts 1970	Solid-Melt		12-DEC-2000
Andesite	Low Calcium Pyroxene	62	Sm			0.047	0.1	Phenocryst-Matrix	Schnetzler & Philpotts 1970	Solid-Melt		12-DEC-2000
Andesite	Low Calcium Pyroxene	62	Sm	0.1				Phenocryst-Matrix	Schnetzler & Philpotts 1970	Solid-Melt		12-DEC-2000
Andesite	Low Calcium Pyroxene	63	Eu	0.068				Phenocryst-Matrix	Schnetzler & Philpotts 1970	Solid-Melt		12-DEC-2000
Andesite	Low Calcium Pyroxene	63	Eu			0.06	0.079	Interpolated	Schnetzler & Philpotts 1970	Solid-Melt		12-DEC-2000
Andesite	Low Calcium Pyroxene	64	Gd			0.07	0.875	Phenocryst-Matrix	Schnetzler & Philpotts 1970	Solid-Melt		12-DEC-2000
Andesite	Low Calcium Pyroxene	64	Gd	0.155				Interpolated	Schnetzler & Philpotts 1970	Solid-Melt		12-DEC-2000
Andesite	Low Calcium Pyroxene	66	Dy			0.117	0.98	Phenocryst-Matrix	Schnetzler & Philpotts 1970	Solid-Melt		12-DEC-2000
Andesite	Low Calcium Pyroxene	66	Dy	0.225				Phenocryst-Matrix	Schnetzler & Philpotts 1970	Solid-Melt		12-DEC-2000
Andesite	Low Calcium Pyroxene	68	Er	0.318				Phenocryst-Matrix	Schnetzler & Philpotts 1970	Solid-Melt		12-DEC-2000
Andesite	Low Calcium Pyroxene	68	Er			0.164	0.932	Phenocryst-Matrix	Schnetzler & Philpotts 1970	Solid-Melt		12-DEC-2000
Andesite	Low Calcium Pyroxene	70	Yb			0.244	0.896	Phenocryst-Matrix	Schnetzler & Philpotts 1970	Solid-Melt		12-DEC-2000
Andesite	Low Calcium Pyroxene	70	Yb	0.4				Phenocryst-Matrix	Schnetzler & Philpotts 1970	Solid-Melt		12-DEC-2000
Andesite	Low Calcium Pyroxene	71	Lu			0.693	0.838	Phenocryst-Matrix	Schnetzler & Philpotts 1970	Solid-Melt		12-DEC-2000
Andesite	Low Calcium Pyroxene	71	Lu	0.453				Phenocryst-Matrix	Schnetzler & Philpotts 1970	Solid-Melt		12-DEC-2000
Eucrite, Achondrite, Basalt	Low Calcium Pyroxene	57	La			0.0003	0.0006	Experimental	Schwandt & McKay 1998	Solid-Melt		12-DEC-2000
Eucrite, Achondrite, Basalt	Low Calcium Pyroxene	58	Ce			0.0008	0.0014	Experimental	Schwandt & McKay 1998	Solid-Melt		12-DEC-2000
Eucrite, Achondrite, Basalt	Low Calcium Pyroxene	60	Nd			0.0029	0.0049	Experimental	Schwandt & McKay 1998	Solid-Melt		12-DEC-2000
Eucrite, Achondrite, Basalt	Low Calcium Pyroxene	62	Sm			0.0083	0.0136	Experimental	Schwandt & McKay 1998	Solid-Melt		12-DEC-2000
Eucrite, Achondrite, Basalt	Low Calcium Pyroxene	63	Eu			0.0033	0.0046	Experimental	Schwandt & McKay 1998	Solid-Melt		12-DEC-2000
Eucrite, Achondrite, Basalt	Low Calcium Pyroxene	66	Dy			0.037	0.054	Experimental	Schwandt & McKay 1998	Solid-Melt		12-DEC-2000
Eucrite, Achondrite, Basalt	Low Calcium Pyroxene	68	Er			0.069	0.098	Experimental	Schwandt & McKay 1998	Solid-Melt		12-DEC-2000
Eucrite, Achondrite, Basalt	Low Calcium Pyroxene	70	Yb			0.08	0.114	Experimental	Schwandt & McKay 1998	Solid-Melt		12-DEC-2000
Eucrite, Achondrite, Basalt	Low Calcium Pyroxene	71	Lu			0.082	0.114	Experimental	Schwandt & McKay 1998	Solid-Melt		12-DEC-2000
Rhyolite	Low Calcium Pyroxene	21	Sc	26				Phenocryst-Matrix	Sisson 1991	Solid-Melt		12-DEC-2000
Rhyolite	Low Calcium Pyroxene	22	Ti	0.7				Phenocryst-Matrix	Sisson 1991	Solid-Melt		12-DEC-2000
Rhyolite	Low Calcium Pyroxene	23	V	5.8				Phenocryst-Matrix	Sisson 1991	Solid-Melt		12-DEC-2000
Rhyolite	Low Calcium Pyroxene	24	Cr	76				Phenocryst-Matrix	Sisson 1991	Solid-Melt		12-DEC-2000
Rhyolite	Low Calcium Pyroxene	39	Y	0.5				Phenocryst-Matrix	Sisson 1991	Solid-Melt		12-DEC-2000
Rhyolite	Low Calcium Pyroxene	40	Zr	0.009				Phenocryst-Matrix	Sisson 1991	Solid-Melt		12-DEC-2000
Rhyolite	Low Calcium Pyroxene	57	La	0.002				Phenocryst-Matrix	Sisson 1991	Solid-Melt		12-DEC-2000
Rhyolite	Low Calcium Pyroxene	58	Ce	0.006				Phenocryst-Matrix	Sisson 1991	Solid-Melt		12-DEC-2000
Rhyolite	Low Calcium Pyroxene	60	Nd	0.03				Phenocryst-Matrix	Sisson 1991	Solid-Melt		12-DEC-2000
Rhyolite	Low Calcium Pyroxene	62	Sm	0.09				Phenocryst-Matrix	Sisson 1991	Solid-Melt		12-DEC-2000
Rhyolite	Low Calcium Pyroxene	66	Dy	0.52				Phenocryst-Matrix	Sisson 1991	Solid-Melt		12-DEC-2000
Rhyolite	Low Calcium Pyroxene	68	Er	0.85				Phenocryst-Matrix	Sisson 1991	Solid-Melt		12-DEC-2000
Rhyolite	Low Calcium Pyroxene	70	Yb	0.48				Phenocryst-Matrix	Sisson 1991	Solid-Melt		12-DEC-2000
Rhyolite	Low Calcium Pyroxene	22	Ti			0.7	1.1	Phenocryst-Matrix, PIXE	Stimac & Hickmott 1994	Solid-Melt		12-DEC-2000
Rhyolite	Low Calcium Pyroxene	25	Mn			23	28	Phenocryst-Matrix, PIXE	Stimac & Hickmott 1994	Solid-Melt		12-DEC-2000
Rhyolite	Low Calcium Pyroxene	26	Fe			23	26	Phenocryst-Matrix, PIXE	Stimac & Hickmott 1994	Solid-Melt		12-DEC-2000
Rhyolite	Low Calcium Pyroxene	28	Ni			11		Phenocryst-Matrix, PIXE	Stimac & Hickmott 1994	Solid-Melt		12-DEC-2000
Rhyolite	Low Calcium Pyroxene	30	Zn			14	16	Phenocryst-Matrix, PIXE	Stimac & Hickmott 1994	Solid-Melt		12-DEC-2000
Rhyolite	Low Calcium Pyroxene	39	Y			0.4	1.2	Phenocryst-Matrix, PIXE	Stimac & Hickmott 1994	Solid-Melt		12-DEC-2000
Rhyolite	Low Calcium Pyroxene	40	Zr			0.01	0.03	Phenocryst-Matrix, PIXE	Stimac & Hickmott 1994	Solid-Melt		12-DEC-2000
Calc Alkaline Picrite, Basalt	Low Calcium Pyroxene	15	P	0.03				Experimental	Ulmer 1989	Solid-Melt		12-DEC-2000
Calc Alkaline Picrite, Basalt	Low Calcium Pyroxene	21	Sc	0.33				Experimental	Ulmer 1989	Solid-Melt		12-DEC-2000
Calc Alkaline Picrite, Basalt	Low Calcium Pyroxene	22	Ti	0.1				Experimental	Ulmer 1989	Solid-Melt		12-DEC-2000
Calc Alkaline Picrite, Basalt	Low Calcium Pyroxene	23	V	0.9				Experimental	Ulmer 1989	Solid-Melt		12-DEC-2000
Calc Alkaline Picrite, Basalt	Low Calcium Pyroxene	39	Y				0.01	Experimental	Ulmer 1989	Solid-Melt		12-DEC-2000
Calc Alkaline Picrite, Basalt	Low Calcium Pyroxene	40	Zr	0.03				Experimental	Ulmer 1989	Solid-Melt		12-DEC-2000
Calc Alkaline Picrite, Basalt	Low Calcium Pyroxene	41	Nb				0.01	Experimental	Ulmer 1989	Solid-Melt		12-DEC-2000
Calc Alkaline Picrite, Basalt	Low Calcium Pyroxene	72	Hf	0.14				Experimental	Ulmer 1989	Solid-Melt		12-DEC-2000
Calc Alkaline Picrite, Basalt	Low Calcium Pyroxene	73	Ta				0.01	Experimental	Ulmer 1989	Solid-Melt		12-DEC-2000
Lunar Basalt	Low Calcium Pyroxene	38	Sr			0.009	0.018	Experimental	Weill & McKay 1975	Solid-Melt		12-DEC-2000
Lunar Basalt	Low Calcium Pyroxene	58	Ce			0.006	0.009	Experimental	Weill & McKay 1975	Solid-Melt		12-DEC-2000
Lunar Basalt	Low Calcium Pyroxene	62	Sm			0.013	0.022	Experimental	Weill & McKay 1975	Solid-Melt		12-DEC-2000
Lunar Basalt	Low Calcium Pyroxene	63	Eu			0.014	0.022	Experimental	Weill & McKay 1975	Solid-Melt		12-DEC-2000
Lunar Basalt	Low Calcium Pyroxene	70	Yb			0.056	0.17	Experimental	Weill & McKay 1975	Solid-Melt		12-DEC-2000
Sub-Alkaline Andesite-Basalt	Low Calcium Pyroxene	15	P	0.009				Phenocryst-Matrix	Anderson & Greenland 1969	Solid-Melt		12-DEC-2000
Sub-Alkaline Basalt	Low Calcium Pyroxene	15	P	0.014				Phenocryst-Matrix	Anderson & Greenland 1969	Solid-Melt		12-DEC-2000
Chondritic Basalt	Cllinoenstatite	13	Al			0.008	0.023	Phenocryst-Matrix	Jones & Layne 1997	Solid-Melt	Originally inaccuratly included amongst the clinopyroxene partition coefficients	12-DEC-2000
Chondritic Basalt	Cllinoenstatite	20	Ca			0.025	0.055	Phenocryst-Matrix	Jones & Layne 1997	Solid-Melt	Originally inaccuratly included amongst the clinopyroxene partition coefficients	12-DEC-2000
Chondritic Basalt	Cllinoenstatite	22	Ti			0.045	0.15	Phenocryst-Matrix	Jones & Layne 1997	Solid-Melt	Originally inaccuratly included amongst the clinopyroxene partition coefficients	12-DEC-2000
Chondritic Basalt	Cllinoenstatite	24	Cr			2.8	10.8	Phenocryst-Matrix	Jones & Layne 1997	Solid-Melt	Originally inaccuratly included amongst the clinopyroxene partition coefficients	12-DEC-2000
Chondritic Basalt	Cllinoenstatite	25	Mn			0.34	0.8	Phenocryst-Matrix	Jones & Layne 1997	Solid-Melt	Originally inaccuratly included amongst the clinopyroxene partition coefficients	12-DEC-2000
Chondritic Basalt	Cllinoenstatite	26	Fe			0.78	0.87	Phenocryst-Matrix	Jones & Layne 1997	Solid-Melt	Originally inaccuratly included amongst the clinopyroxene partition coefficients	12-DEC-2000
Chondritic Basalt	Cllinoenstatite	38	Sr			0.002	0.006	Phenocryst-Matrix	Jones & Layne 1997	Solid-Melt	Originally inaccuratly included amongst the clinopyroxene partition coefficients	12-DEC-2000
Chondritic Basalt	Cllinoenstatite	39	Y			0.004	0.008	Phenocryst-Matrix	Jones & Layne 1997	Solid-Melt	Originally inaccuratly included amongst the clinopyroxene partition coefficients	12-DEC-2000
Chondritic Basalt	Cllinoenstatite	40	Zr			0.001	0.004	Phenocryst-Matrix	Jones & Layne 1997	Solid-Melt	Originally inaccuratly included amongst the clinopyroxene partition coefficients	12-DEC-2000
Chondritic Basalt	Cllinoenstatite	57	La			0.001	0.002	Phenocryst-Matrix	Jones & Layne 1997	Solid-Melt	Originally inaccuratly included amongst the clinopyroxene partition coefficients	12-DEC-2000
Chondritic Basalt	Cllinoenstatite	58	Ce	0.001				Phenocryst-Matrix	Jones & Layne 1997	Solid-Melt	Originally inaccuratly included amongst the clinopyroxene partition coefficients	12-DEC-2000
Chondritic Basalt	Cllinoenstatite	60	Nd	0.001				Phenocryst-Matrix	Jones & Layne 1997	Solid-Melt	Originally inaccuratly included amongst the clinopyroxene partition coefficients	12-DEC-2000
Chondritic Basalt	Cllinoenstatite	66	Dy	0.004				Phenocryst-Matrix	Jones & Layne 1997	Solid-Melt	Originally inaccuratly included amongst the clinopyroxene partition coefficients	12-DEC-2000
Chondritic Basalt	Cllinoenstatite	68	Er	0.004				Phenocryst-Matrix	Jones & Layne 1997	Solid-Melt	Originally inaccuratly included amongst the clinopyroxene partition coefficients	12-DEC-2000
Chondritic Basalt	Cllinoenstatite	70	Yb	0.012				Phenocryst-Matrix	Jones & Layne 1997	Solid-Melt	Originally inaccuratly included amongst the clinopyroxene partition coefficients	12-DEC-2000
												
												
LINKS TO REFERENCES:												
Adam & Green 2006 - http://earthref.org/cgi-bin/err.cgi?n=99679												
Brunet & Chazot 2001 - http://earthref.org/cgi-bin/err.cgi?n=99686												
Green et al. 2000 - http://earthref.org/cgi-bin/err.cgi?n=99695												
Klemme et al. 2006 - http://earthref.org/cgi-bin/err.cgi?n=98595												
Salters & Longhi 1999 - http://earthref.org/cgi-bin/err.cgi?n=99703												
Anderson & Greenland 1969 - http://earthref.org/cgi-bin/err.cgi?n=95												
Bacon & Druitt 1988 - http://earthref.org/cgi-bin/err.cgi?n=124												
Barnes 1986 - http://earthref.org/cgi-bin/err.cgi?n=160												
Beattie 1993 - http://earthref.org/cgi-bin/err.cgi?n=201												
Canil 1999 - http://earthref.org/cgi-bin/err.cgi?n=412												
Cawthorn 1996 - http://earthref.org/cgi-bin/err.cgi?n=311												
Colson & Gust 1989 - http://earthref.org/cgi-bin/err.cgi?n=314												
Colson et al. 1988 - http://earthref.org/cgi-bin/err.cgi?n=315												
Dunn & Sen 1994 - http://earthref.org/cgi-bin/err.cgi?n=332												
Ewart & Griffin 1994 - http://earthref.org/cgi-bin/err.cgi?n=337												
Ewart et al. 1973 - http://earthref.org/cgi-bin/err.cgi?n=338												
Forsythe et al. 1994 - http://earthref.org/cgi-bin/err.cgi?n=343												
Frey 1969 - http://earthref.org/cgi-bin/err.cgi?n=345												
Fujimaki et al. 1984 - http://earthref.org/cgi-bin/err.cgi?n=346												
Green et al. 1989 - http://earthref.org/cgi-bin/err.cgi?n=100												
Green et al. 1993 - http://earthref.org/cgi-bin/err.cgi?n=98												
Irving & Frey 1984 - http://earthref.org/cgi-bin/err.cgi?n=127												
Jones & Layne 1997 - http://earthref.org/cgi-bin/err.cgi?n=139												
Keleman & Dunn 1992 - http://earthref.org/cgi-bin/err.cgi?n=143												
Kennedy et al. 1993 - http://earthref.org/cgi-bin/err.cgi?n=144												
Luhr & Carmichael 1980 - http://earthref.org/cgi-bin/err.cgi?n=181												
Luhr et al. 1984 - http://earthref.org/cgi-bin/err.cgi?n=182												
Mahood & Hildreth 1983 - http://earthref.org/cgi-bin/err.cgi?n=186												
McKay & Weill 1976 - http://earthref.org/cgi-bin/err.cgi?n=197												
McKay & Weill 1977 - http://earthref.org/cgi-bin/err.cgi?n=198												
McKay et al. 1986 - http://earthref.org/cgi-bin/err.cgi?n=199												
McKenzie & O'Nions 1991 - http://earthref.org/cgi-bin/err.cgi?n=200												
Mysen 1976 - http://earthref.org/cgi-bin/err.cgi?n=204												
Mysen 1978 - http://earthref.org/cgi-bin/err.cgi?n=205												
Nagasawa & Schnetzler 1971 - http://earthref.org/cgi-bin/err.cgi?n=210												
Nash & Crecraft 1985 - http://earthref.org/cgi-bin/err.cgi?n=217												
Nielsen et al. 1992 - http://earthref.org/cgi-bin/err.cgi?n=223												
Okamoto 1979 - http://earthref.org/cgi-bin/err.cgi?n=227												
Philpotts & Schnetzler 1970 - http://earthref.org/cgi-bin/err.cgi?n=232												
Reid 1983 - http://earthref.org/cgi-bin/err.cgi?n=237												
Schnetzler & Philpotts 1970 - http://earthref.org/cgi-bin/err.cgi?n=240												
Schwandt & McKay 1998 - http://earthref.org/cgi-bin/err.cgi?n=244												
Sisson 1991 - http://earthref.org/cgi-bin/err.cgi?n=257												
Stimac & Hickmott 1994 - http://earthref.org/cgi-bin/err.cgi?n=265												
Ulmer 1989 - http://earthref.org/cgi-bin/err.cgi?n=275												
Weill & McKay 1975 - http://earthref.org/cgi-bin/err.cgi?n=286												
												
ACKNOWLEDGEMENTS:												
Sponsored by NSF -- EAR 0000998												
Supported by the San Diego SuperComputer Center												
												
DATABASE STATISTICS:												
EarthRef.org Database Version: 												
Search Time: 29 January 2013 12:11:06 PM												
												
LINKS TO EARTHREF.ORG:												
Original search form - http://earthref.org/cgi-bin/kdd-s0-main.cgi												
Search results - http://earthref.org/cgi-bin/kdd-s1-advanced.cgi?database_name=kdd&search_start=main&term=&term=orthopyroxene&term=&term_type=rock_type&term_type=mineral&term_type=element&conjunction=AND&conjunction=AND&rock_type=Any%20Rock%20Type&mineral=Any%20Mineral&element_family=Any%20Element%20Family&er_citation_id=Any%20Reference&sort=short_authors&												
												
SEARCH VALUES:												
Search Term(s):  orthopyroxene (Mineral)												
Rock Type: Any Rock Type												
Mineral: Any Mineral												
Element Family: Any Element Family												
Reference: Adam & Green 2006												
Sort by: Reference												
