EarthRef.org -- GERM Partition Coefficient (Kd) Database														
Database development and maintenance by the PACER Team -- Data contribution by Roger Nielsen														
														
DATA:														
Rock Type	Mineral	Z	Elem	Value	SD	Low	High	Kd Type	Reference	Definition	Notes	Inserted	SiO2	SiO2_sigma
Per-Aluminous Granite	Zircon	39	Y	71.4				Phenocryst-Matrix	Bea et al. 1994	Solid-Melt		12-DEC-2000	NaN	NaN
Per-Aluminous Granite	Zircon	65	Tb	24.8				Phenocryst-Matrix	Bea et al. 1994	Solid-Melt		12-DEC-2000	NaN	NaN
Per-Aluminous Granite	Zircon	66	Dy	38.8				Phenocryst-Matrix	Bea et al. 1994	Solid-Melt		12-DEC-2000	NaN	NaN
Per-Aluminous Granite	Zircon	67	Ho	74.5				Phenocryst-Matrix	Bea et al. 1994	Solid-Melt		12-DEC-2000	NaN	NaN
Per-Aluminous Granite	Zircon	68	Er	165				Phenocryst-Matrix	Bea et al. 1994	Solid-Melt		12-DEC-2000	NaN	NaN
Per-Aluminous Granite	Zircon	69	Tm	282				Phenocryst-Matrix	Bea et al. 1994	Solid-Melt		12-DEC-2000	NaN	NaN
Per-Aluminous Granite	Zircon	70	Yb	278				Phenocryst-Matrix	Bea et al. 1994	Solid-Melt		12-DEC-2000	NaN	NaN
Per-Aluminous Granite	Zircon	71	Lu	923				Phenocryst-Matrix	Bea et al. 1994	Solid-Melt		12-DEC-2000	NaN	NaN
Per-Aluminous Granite	Zircon	90	Th	22.1				Phenocryst-Matrix	Bea et al. 1994	Solid-Melt		12-DEC-2000	NaN	NaN
Per-Aluminous Granite	Zircon	92	U	254				Phenocryst-Matrix	Bea et al. 1994	Solid-Melt		12-DEC-2000	NaN	NaN
Andesite	Zircon	66	Dy			31.4	63.4	Phenocryst-Matrix	Fujimaki 1986	Solid-Melt		12-DEC-2000	NaN	NaN
Andesite	Zircon	68	Er			64.6	135	Phenocryst-Matrix	Fujimaki 1986	Solid-Melt		12-DEC-2000	NaN	NaN
Andesite	Zircon	70	Yb			128	254	Phenocryst-Matrix	Fujimaki 1986	Solid-Melt		12-DEC-2000	NaN	NaN
Andesite	Zircon	71	Lu			196	333	Phenocryst-Matrix	Fujimaki 1986	Solid-Melt		12-DEC-2000	NaN	NaN
Andesite	Zircon	72	Hf			958	997	Phenocryst-Matrix	Fujimaki 1986	Solid-Melt		12-DEC-2000	NaN	NaN
Dacite	Zircon	66	Dy	44.9				Experimental	Fujimaki 1986	Solid-Melt		12-DEC-2000	NaN	NaN
Dacite	Zircon	68	Er	107				Experimental	Fujimaki 1986	Solid-Melt		12-DEC-2000	NaN	NaN
Dacite	Zircon	70	Yb	516				Experimental	Fujimaki 1986	Solid-Melt		12-DEC-2000	NaN	NaN
Dacite	Zircon	71	Lu	689				Experimental	Fujimaki 1986	Solid-Melt		12-DEC-2000	NaN	NaN
Dacite	Zircon	72	Hf	971				Experimental	Fujimaki 1986	Solid-Melt		12-DEC-2000	NaN	NaN
High Silica Rhyolite	Zircon	21	Sc			60.3	77	Phenocryst-Matrix	Mahood & Hildreth 1983	Solid-Melt		12-DEC-2000	NaN	NaN
High Silica Rhyolite	Zircon	24	Cr			119	260	Phenocryst-Matrix	Mahood & Hildreth 1983	Solid-Melt		12-DEC-2000	NaN	NaN
High Silica Rhyolite	Zircon	25	Mn			1.26	1.78	Phenocryst-Matrix	Mahood & Hildreth 1983	Solid-Melt		12-DEC-2000	NaN	NaN
High Silica Rhyolite	Zircon	27	Co			9	23	Phenocryst-Matrix	Mahood & Hildreth 1983	Solid-Melt		12-DEC-2000	NaN	NaN
High Silica Rhyolite	Zircon	65	Tb	37				Phenocryst-Matrix	Mahood & Hildreth 1983	Solid-Melt		12-DEC-2000	NaN	NaN
High Silica Rhyolite	Zircon	66	Dy			95	108	Phenocryst-Matrix	Mahood & Hildreth 1983	Solid-Melt		12-DEC-2000	NaN	NaN
High Silica Rhyolite	Zircon	70	Yb			490	564	Phenocryst-Matrix	Mahood & Hildreth 1983	Solid-Melt		12-DEC-2000	NaN	NaN
High Silica Rhyolite	Zircon	71	Lu			635	648	Phenocryst-Matrix	Mahood & Hildreth 1983	Solid-Melt		12-DEC-2000	NaN	NaN
High Silica Rhyolite	Zircon	72	Hf			2645	3742	Phenocryst-Matrix	Mahood & Hildreth 1983	Solid-Melt		12-DEC-2000	NaN	NaN
Dacite	Zircon	66	Dy			37.8	53.5	Phenocryst-Matrix	Nagasawa 1970	Solid-Melt		12-DEC-2000	NaN	NaN
Dacite	Zircon	68	Er			119	152	Phenocryst-Matrix	Nagasawa 1970	Solid-Melt		12-DEC-2000	NaN	NaN
Dacite	Zircon	70	Yb			242	299	Phenocryst-Matrix	Nagasawa 1970	Solid-Melt		12-DEC-2000	NaN	NaN
Dacite	Zircon	71	Lu			281	389	Phenocryst-Matrix	Nagasawa 1970	Solid-Melt		12-DEC-2000	NaN	NaN
Granite	Zircon	66	Dy			25.2	105	Phenocryst-Matrix	Nagasawa 1970	Solid-Melt		12-DEC-2000	NaN	NaN
Granite	Zircon	68	Er			81.5	450	Phenocryst-Matrix	Nagasawa 1970	Solid-Melt		12-DEC-2000	NaN	NaN
Granite	Zircon	70	Yb			178	890	Phenocryst-Matrix	Nagasawa 1970	Solid-Melt		12-DEC-2000	NaN	NaN
Granite	Zircon	71	Lu	1230				Phenocryst-Matrix	Nagasawa 1970	Solid-Melt		12-DEC-2000	NaN	NaN
Synthetic Low Aluminium Rhyolite	Zircon	67	Ho	340				Experimental	Watson 1980	Solid-Melt		12-DEC-2000	NaN	NaN
Synthetic Low Aluminium Rhyolite	Zircon	71	Lu			72	126	Experimental	Watson 1980	Solid-Melt		12-DEC-2000	NaN	NaN
														
LINKS TO REFERENCES:														
Bea et al. 1994 - http://earthref.org/cgi-bin/err.cgi?n=168														
Fujimaki 1986 - http://earthref.org/cgi-bin/err.cgi?n=347														
Mahood & Hildreth 1983 - http://earthref.org/cgi-bin/err.cgi?n=186														
Nagasawa 1970 - http://earthref.org/cgi-bin/err.cgi?n=209														
Watson 1980 - http://earthref.org/cgi-bin/err.cgi?n=281														
														
ACKNOWLEDGEMENTS:														
Sponsored by NSF -- EAR 0000998														
Supported by the San Diego SuperComputer Center														
														
DATABASE STATISTICS:														
EarthRef.org Database Version: 														
Search Time: 30 January 2013 05:49:31 PM														
														
LINKS TO EARTHREF.ORG:														
Original search form - http://earthref.org/cgi-bin/kdd-s0-main.cgi														
Search results - http://earthref.org/cgi-bin/kdd-s1-advanced.cgi?database_name=kdd&search_start=main&term=&term=&term=&term_type=rock_type&term_type=mineral&term_type=element&conjunction=AND&conjunction=AND&rock_type=Any%20Rock%20Type&mineral=Zircon&element_family=Any%20Element%20Family&er_citation_id=Any%20Reference&sort=short_authors&														
														
SEARCH VALUES:														
Search Term(s):  														
Rock Type: Any Rock Type														
Mineral: Zircon														
Element Family: Any Element Family														
Reference: Bea et al. 1994														
Sort by: Reference														
														
NON-GERM ADDITIONS:														
Torihama Dacite	Zircon		La	0.00046	0.00032			Phenocryst-Matrix	Sano 2002 10.1016/s0009-2541(01)00366-7	Solid-Melt	CBK addition	30-DEC-2019	73.34	5
Torihama Dacite	Zircon		Ce	0.36	0.09			Phenocryst-Matrix	Sano 2002 10.1016/s0009-2541(01)00366-7	Solid-Melt	CBK addition	30-DEC-2019	73.34	5
Torihama Dacite	Zircon		Pr	0.0172	0.0088			Phenocryst-Matrix	Sano 2002 10.1016/s0009-2541(01)00366-7	Solid-Melt	CBK addition	30-DEC-2019	73.34	5
Torihama Dacite	Zircon		Nd	0.077	0.013			Phenocryst-Matrix	Sano 2002 10.1016/s0009-2541(01)00366-7	Solid-Melt	CBK addition	30-DEC-2019	73.34	5
Torihama Dacite	Zircon		Sm	0.8	0.2			Phenocryst-Matrix	Sano 2002 10.1016/s0009-2541(01)00366-7	Solid-Melt	CBK addition	30-DEC-2019	73.34	5
Torihama Dacite	Zircon		Eu	1.22	0.3			Phenocryst-Matrix	Sano 2002 10.1016/s0009-2541(01)00366-7	Solid-Melt	CBK addition	30-DEC-2019	73.34	5
Torihama Dacite	Zircon		Gd	8	1.7			Phenocryst-Matrix	Sano 2002 10.1016/s0009-2541(01)00366-7	Solid-Melt	CBK addition	30-DEC-2019	73.34	5
Torihama Dacite	Zircon		Tb	20.7	4.8			Phenocryst-Matrix	Sano 2002 10.1016/s0009-2541(01)00366-7	Solid-Melt	CBK addition	30-DEC-2019	73.34	5
Torihama Dacite	Zircon		Dy	45.9	9.5			Phenocryst-Matrix	Sano 2002 10.1016/s0009-2541(01)00366-7	Solid-Melt	CBK addition	30-DEC-2019	73.34	5
Torihama Dacite	Zircon		Ho	80	19			Phenocryst-Matrix	Sano 2002 10.1016/s0009-2541(01)00366-7	Solid-Melt	CBK addition	30-DEC-2019	73.34	5
Torihama Dacite	Zircon		Er	136	27			Phenocryst-Matrix	Sano 2002 10.1016/s0009-2541(01)00366-7	Solid-Melt	CBK addition	30-DEC-2019	73.34	5
Torihama Dacite	Zircon		Tm	197	40			Phenocryst-Matrix	Sano 2002 10.1016/s0009-2541(01)00366-7	Solid-Melt	CBK addition	30-DEC-2019	73.34	5
Torihama Dacite	Zircon		Yb	277	55			Phenocryst-Matrix	Sano 2002 10.1016/s0009-2541(01)00366-7	Solid-Melt	CBK addition	30-DEC-2019	73.34	5
Torihama Dacite	Zircon		Lu	325	62			Phenocryst-Matrix	Sano 2002 10.1016/s0009-2541(01)00366-7	Solid-Melt	CBK addition	30-DEC-2019	73.34	5
JAG A-type granite	Zircon		Tb	47	47			Phenocryst-Matrix	Nardi 2013 10.1016/j.chemgeo.2012.10.043	Solid-Melt	CBK addition	30-DEC-2019	NaN	NaN
JAG A-type granite	Zircon		Dy	96	96			Phenocryst-Matrix	Nardi 2013 10.1016/j.chemgeo.2012.10.043	Solid-Melt	CBK addition	30-DEC-2019	NaN	NaN
JAG A-type granite	Zircon		Ho	148	148			Phenocryst-Matrix	Nardi 2013 10.1016/j.chemgeo.2012.10.043	Solid-Melt	CBK addition	30-DEC-2019	NaN	NaN
JAG A-type granite	Zircon		Er	209	209			Phenocryst-Matrix	Nardi 2013 10.1016/j.chemgeo.2012.10.043	Solid-Melt	CBK addition	30-DEC-2019	NaN	NaN
JAG A-type granite	Zircon		Tm	240	240			Phenocryst-Matrix	Nardi 2013 10.1016/j.chemgeo.2012.10.043	Solid-Melt	CBK addition	30-DEC-2019	NaN	NaN
JAG A-type granite	Zircon		Yb	363	363			Phenocryst-Matrix	Nardi 2013 10.1016/j.chemgeo.2012.10.043	Solid-Melt	CBK addition	30-DEC-2019	NaN	NaN
JAG A-type granite	Zircon		Lu	397	397			Phenocryst-Matrix	Nardi 2013 10.1016/j.chemgeo.2012.10.043	Solid-Melt	CBK addition	30-DEC-2019	NaN	NaN
JAG A-type granite	Zircon		Th	39	39			Phenocryst-Matrix	Nardi 2013 10.1016/j.chemgeo.2012.10.043	Solid-Melt	CBK addition	30-DEC-2019	NaN	NaN
JAG A-type granite	Zircon		U	183	183			Phenocryst-Matrix	Nardi 2013 10.1016/j.chemgeo.2012.10.043	Solid-Melt	CBK addition	30-DEC-2019	NaN	NaN
JAG A-type granite	Zircon		Y	42	42			Phenocryst-Matrix	Nardi 2013 10.1016/j.chemgeo.2012.10.043	Solid-Melt	CBK addition	30-DEC-2019	NaN	NaN
AGB A-type granite	Zircon		Tb	22	22			Phenocryst-Matrix	Nardi 2013 10.1016/j.chemgeo.2012.10.043	Solid-Melt	CBK addition	30-DEC-2019	NaN	NaN
AGB A-type granite	Zircon		Dy	47	47			Phenocryst-Matrix	Nardi 2013 10.1016/j.chemgeo.2012.10.043	Solid-Melt	CBK addition	30-DEC-2019	NaN	NaN
AGB A-type granite	Zircon		Ho	62	62			Phenocryst-Matrix	Nardi 2013 10.1016/j.chemgeo.2012.10.043	Solid-Melt	CBK addition	30-DEC-2019	NaN	NaN
AGB A-type granite	Zircon		Er	64	64			Phenocryst-Matrix	Nardi 2013 10.1016/j.chemgeo.2012.10.043	Solid-Melt	CBK addition	30-DEC-2019	NaN	NaN
AGB A-type granite	Zircon		Tm	75	75			Phenocryst-Matrix	Nardi 2013 10.1016/j.chemgeo.2012.10.043	Solid-Melt	CBK addition	30-DEC-2019	NaN	NaN
AGB A-type granite	Zircon		Yb	109	109			Phenocryst-Matrix	Nardi 2013 10.1016/j.chemgeo.2012.10.043	Solid-Melt	CBK addition	30-DEC-2019	NaN	NaN
AGB A-type granite	Zircon		Lu	84	84			Phenocryst-Matrix	Nardi 2013 10.1016/j.chemgeo.2012.10.043	Solid-Melt	CBK addition	30-DEC-2019	NaN	NaN
AGB A-type granite	Zircon		Nb	2.2	2.2			Phenocryst-Matrix	Nardi 2013 10.1016/j.chemgeo.2012.10.043	Solid-Melt	CBK addition	30-DEC-2019	NaN	NaN
AGB A-type granite	Zircon		Ta	2.4	2.4			Phenocryst-Matrix	Nardi 2013 10.1016/j.chemgeo.2012.10.043	Solid-Melt	CBK addition	30-DEC-2019	NaN	NaN
AGB A-type granite	Zircon		Th	16	16			Phenocryst-Matrix	Nardi 2013 10.1016/j.chemgeo.2012.10.043	Solid-Melt	CBK addition	30-DEC-2019	NaN	NaN
AGB A-type granite	Zircon		U	81	81			Phenocryst-Matrix	Nardi 2013 10.1016/j.chemgeo.2012.10.043	Solid-Melt	CBK addition	30-DEC-2019	NaN	NaN
AGB A-type granite	Zircon		Y	31	31			Phenocryst-Matrix	Nardi 2013 10.1016/j.chemgeo.2012.10.043	Solid-Melt	CBK addition	30-DEC-2019	NaN	NaN
BMG A-type granite	Zircon		Tb	35	35			Phenocryst-Matrix	Nardi 2013 10.1016/j.chemgeo.2012.10.043	Solid-Melt	CBK addition	30-DEC-2019	NaN	NaN
BMG A-type granite	Zircon		Dy	158	158			Phenocryst-Matrix	Nardi 2013 10.1016/j.chemgeo.2012.10.043	Solid-Melt	CBK addition	30-DEC-2019	NaN	NaN
BMG A-type granite	Zircon		Ho	206	206			Phenocryst-Matrix	Nardi 2013 10.1016/j.chemgeo.2012.10.043	Solid-Melt	CBK addition	30-DEC-2019	NaN	NaN
BMG A-type granite	Zircon		Er	252	252			Phenocryst-Matrix	Nardi 2013 10.1016/j.chemgeo.2012.10.043	Solid-Melt	CBK addition	30-DEC-2019	NaN	NaN
BMG A-type granite	Zircon		Tm	311	311			Phenocryst-Matrix	Nardi 2013 10.1016/j.chemgeo.2012.10.043	Solid-Melt	CBK addition	30-DEC-2019	NaN	NaN
BMG A-type granite	Zircon		Yb	403	403			Phenocryst-Matrix	Nardi 2013 10.1016/j.chemgeo.2012.10.043	Solid-Melt	CBK addition	30-DEC-2019	NaN	NaN
BMG A-type granite	Zircon		Lu	393	393			Phenocryst-Matrix	Nardi 2013 10.1016/j.chemgeo.2012.10.043	Solid-Melt	CBK addition	30-DEC-2019	NaN	NaN
BMG A-type granite	Zircon		Th	68	68			Phenocryst-Matrix	Nardi 2013 10.1016/j.chemgeo.2012.10.043	Solid-Melt	CBK addition	30-DEC-2019	NaN	NaN
BMG A-type granite	Zircon		U	200	200			Phenocryst-Matrix	Nardi 2013 10.1016/j.chemgeo.2012.10.043	Solid-Melt	CBK addition	30-DEC-2019	NaN	NaN
BMG A-type granite	Zircon		Y	159	159			Phenocryst-Matrix	Nardi 2013 10.1016/j.chemgeo.2012.10.043	Solid-Melt	CBK addition	30-DEC-2019	NaN	NaN
PERT LV A-type granite	Zircon		Dy	105	105			Phenocryst-Matrix	Nardi 2013 10.1016/j.chemgeo.2012.10.043	Solid-Melt	CBK addition	30-DEC-2019	NaN	NaN
PERT LV A-type granite	Zircon		Ho	175	175			Phenocryst-Matrix	Nardi 2013 10.1016/j.chemgeo.2012.10.043	Solid-Melt	CBK addition	30-DEC-2019	NaN	NaN
PERT LV A-type granite	Zircon		Er	270	270			Phenocryst-Matrix	Nardi 2013 10.1016/j.chemgeo.2012.10.043	Solid-Melt	CBK addition	30-DEC-2019	NaN	NaN
PERT LV A-type granite	Zircon		Yb	508	508			Phenocryst-Matrix	Nardi 2013 10.1016/j.chemgeo.2012.10.043	Solid-Melt	CBK addition	30-DEC-2019	NaN	NaN
PERT LV A-type granite	Zircon		Lu	603	603			Phenocryst-Matrix	Nardi 2013 10.1016/j.chemgeo.2012.10.043	Solid-Melt	CBK addition	30-DEC-2019	NaN	NaN
PERT LV A-type granite	Zircon		Nb	2.62	2.62			Phenocryst-Matrix	Nardi 2013 10.1016/j.chemgeo.2012.10.043	Solid-Melt	CBK addition	30-DEC-2019	NaN	NaN
PERT LV A-type granite	Zircon		Y	177	177			Phenocryst-Matrix	Nardi 2013 10.1016/j.chemgeo.2012.10.043	Solid-Melt	CBK addition	30-DEC-2019	NaN	NaN
SPL granite	Zircon		Tb	17	17			Phenocryst-Matrix	Nardi 2013 10.1016/j.chemgeo.2012.10.043	Solid-Melt	CBK addition	30-DEC-2019	NaN	NaN
SPL granite	Zircon		Dy	32	32			Phenocryst-Matrix	Nardi 2013 10.1016/j.chemgeo.2012.10.043	Solid-Melt	CBK addition	30-DEC-2019	NaN	NaN
SPL granite	Zircon		Ho	55	55			Phenocryst-Matrix	Nardi 2013 10.1016/j.chemgeo.2012.10.043	Solid-Melt	CBK addition	30-DEC-2019	NaN	NaN
SPL granite	Zircon		Er	71	71			Phenocryst-Matrix	Nardi 2013 10.1016/j.chemgeo.2012.10.043	Solid-Melt	CBK addition	30-DEC-2019	NaN	NaN
SPL granite	Zircon		Tm	102	102			Phenocryst-Matrix	Nardi 2013 10.1016/j.chemgeo.2012.10.043	Solid-Melt	CBK addition	30-DEC-2019	NaN	NaN
SPL granite	Zircon		Yb	152	152			Phenocryst-Matrix	Nardi 2013 10.1016/j.chemgeo.2012.10.043	Solid-Melt	CBK addition	30-DEC-2019	NaN	NaN
SPL granite	Zircon		Lu	224	224			Phenocryst-Matrix	Nardi 2013 10.1016/j.chemgeo.2012.10.043	Solid-Melt	CBK addition	30-DEC-2019	NaN	NaN
SPL granite	Zircon		Nb	0.3	0.3			Phenocryst-Matrix	Nardi 2013 10.1016/j.chemgeo.2012.10.043	Solid-Melt	CBK addition	30-DEC-2019	NaN	NaN
SPL granite	Zircon		Ta	0.8	0.8			Phenocryst-Matrix	Nardi 2013 10.1016/j.chemgeo.2012.10.043	Solid-Melt	CBK addition	30-DEC-2019	NaN	NaN
SPL granite	Zircon		Th	35	35			Phenocryst-Matrix	Nardi 2013 10.1016/j.chemgeo.2012.10.043	Solid-Melt	CBK addition	30-DEC-2019	NaN	NaN
SPL granite	Zircon		U	247	247			Phenocryst-Matrix	Nardi 2013 10.1016/j.chemgeo.2012.10.043	Solid-Melt	CBK addition	30-DEC-2019	NaN	NaN
SPL granite	Zircon		Y	42	42			Phenocryst-Matrix	Nardi 2013 10.1016/j.chemgeo.2012.10.043	Solid-Melt	CBK addition	30-DEC-2019	NaN	NaN
CGC granite	Zircon		Tb	70	70			Phenocryst-Matrix	Nardi 2013 10.1016/j.chemgeo.2012.10.043	Solid-Melt	CBK addition	30-DEC-2019	NaN	NaN
CGC granite	Zircon		Dy	32	32			Phenocryst-Matrix	Nardi 2013 10.1016/j.chemgeo.2012.10.043	Solid-Melt	CBK addition	30-DEC-2019	NaN	NaN
CGC granite	Zircon		Ho	55	55			Phenocryst-Matrix	Nardi 2013 10.1016/j.chemgeo.2012.10.043	Solid-Melt	CBK addition	30-DEC-2019	NaN	NaN
CGC granite	Zircon		Er	71	71			Phenocryst-Matrix	Nardi 2013 10.1016/j.chemgeo.2012.10.043	Solid-Melt	CBK addition	30-DEC-2019	NaN	NaN
CGC granite	Zircon		Tm	472	472			Phenocryst-Matrix	Nardi 2013 10.1016/j.chemgeo.2012.10.043	Solid-Melt	CBK addition	30-DEC-2019	NaN	NaN
CGC granite	Zircon		Yb	678	678			Phenocryst-Matrix	Nardi 2013 10.1016/j.chemgeo.2012.10.043	Solid-Melt	CBK addition	30-DEC-2019	NaN	NaN
CGC granite	Zircon		Lu	918	918			Phenocryst-Matrix	Nardi 2013 10.1016/j.chemgeo.2012.10.043	Solid-Melt	CBK addition	30-DEC-2019	NaN	NaN
CGC granite	Zircon		Nb	1.9	1.9			Phenocryst-Matrix	Nardi 2013 10.1016/j.chemgeo.2012.10.043	Solid-Melt	CBK addition	30-DEC-2019	NaN	NaN
CGC granite	Zircon		Ta	2.6	2.6			Phenocryst-Matrix	Nardi 2013 10.1016/j.chemgeo.2012.10.043	Solid-Melt	CBK addition	30-DEC-2019	NaN	NaN
CGC granite	Zircon		Th	34	34			Phenocryst-Matrix	Nardi 2013 10.1016/j.chemgeo.2012.10.043	Solid-Melt	CBK addition	30-DEC-2019	NaN	NaN
CGC granite	Zircon		U	408	408			Phenocryst-Matrix	Nardi 2013 10.1016/j.chemgeo.2012.10.043	Solid-Melt	CBK addition	30-DEC-2019	NaN	NaN
CGC granite	Zircon		Y	235	235			Phenocryst-Matrix	Nardi 2013 10.1016/j.chemgeo.2012.10.043	Solid-Melt	CBK addition	30-DEC-2019	NaN	NaN
VNT granite	Zircon		Dy	280	280			Phenocryst-Matrix	Nardi 2013 10.1016/j.chemgeo.2012.10.043	Solid-Melt	CBK addition	30-DEC-2019	NaN	NaN
VNT granite	Zircon		Ho	655	655			Phenocryst-Matrix	Nardi 2013 10.1016/j.chemgeo.2012.10.043	Solid-Melt	CBK addition	30-DEC-2019	NaN	NaN
VNT granite	Zircon		Er	833	833			Phenocryst-Matrix	Nardi 2013 10.1016/j.chemgeo.2012.10.043	Solid-Melt	CBK addition	30-DEC-2019	NaN	NaN
VNT granite	Zircon		Tm	2571	2571			Phenocryst-Matrix	Nardi 2013 10.1016/j.chemgeo.2012.10.043	Solid-Melt	CBK addition	30-DEC-2019	NaN	NaN
VNT granite	Zircon		Yb	1657	1657			Phenocryst-Matrix	Nardi 2013 10.1016/j.chemgeo.2012.10.043	Solid-Melt	CBK addition	30-DEC-2019	NaN	NaN
VNT granite	Zircon		Lu	2398	2398			Phenocryst-Matrix	Nardi 2013 10.1016/j.chemgeo.2012.10.043	Solid-Melt	CBK addition	30-DEC-2019	NaN	NaN
VNT granite	Zircon		Nb	0.3	0.3			Phenocryst-Matrix	Nardi 2013 10.1016/j.chemgeo.2012.10.043	Solid-Melt	CBK addition	30-DEC-2019	NaN	NaN
VNT granite	Zircon		Th	69	69			Phenocryst-Matrix	Nardi 2013 10.1016/j.chemgeo.2012.10.043	Solid-Melt	CBK addition	30-DEC-2019	NaN	NaN
VNT granite	Zircon		U	1346	1346			Phenocryst-Matrix	Nardi 2013 10.1016/j.chemgeo.2012.10.043	Solid-Melt	CBK addition	30-DEC-2019	NaN	NaN
VNT granite	Zircon		Y	590	590			Phenocryst-Matrix	Nardi 2013 10.1016/j.chemgeo.2012.10.043	Solid-Melt	CBK addition	30-DEC-2019	NaN	NaN
GD potassic granodiorite	Zircon		Tb	27	27			Phenocryst-Matrix	Nardi 2013 10.1016/j.chemgeo.2012.10.043	Solid-Melt	CBK addition	30-DEC-2019	NaN	NaN
GD potassic granodiorite	Zircon		Dy	69	69			Phenocryst-Matrix	Nardi 2013 10.1016/j.chemgeo.2012.10.043	Solid-Melt	CBK addition	30-DEC-2019	NaN	NaN
GD potassic granodiorite	Zircon		Ho	93	93			Phenocryst-Matrix	Nardi 2013 10.1016/j.chemgeo.2012.10.043	Solid-Melt	CBK addition	30-DEC-2019	NaN	NaN
GD potassic granodiorite	Zircon		Er	166	166			Phenocryst-Matrix	Nardi 2013 10.1016/j.chemgeo.2012.10.043	Solid-Melt	CBK addition	30-DEC-2019	NaN	NaN
GD potassic granodiorite	Zircon		Tm	219	219			Phenocryst-Matrix	Nardi 2013 10.1016/j.chemgeo.2012.10.043	Solid-Melt	CBK addition	30-DEC-2019	NaN	NaN
GD potassic granodiorite	Zircon		Yb	311	311			Phenocryst-Matrix	Nardi 2013 10.1016/j.chemgeo.2012.10.043	Solid-Melt	CBK addition	30-DEC-2019	NaN	NaN
GD potassic granodiorite	Zircon		Lu	319	319			Phenocryst-Matrix	Nardi 2013 10.1016/j.chemgeo.2012.10.043	Solid-Melt	CBK addition	30-DEC-2019	NaN	NaN
GD potassic granodiorite	Zircon		Nb	3.5	3.5			Phenocryst-Matrix	Nardi 2013 10.1016/j.chemgeo.2012.10.043	Solid-Melt	CBK addition	30-DEC-2019	NaN	NaN
GD potassic granodiorite	Zircon		Ta	3.3	3.3			Phenocryst-Matrix	Nardi 2013 10.1016/j.chemgeo.2012.10.043	Solid-Melt	CBK addition	30-DEC-2019	NaN	NaN
GD potassic granodiorite	Zircon		Th	18	18			Phenocryst-Matrix	Nardi 2013 10.1016/j.chemgeo.2012.10.043	Solid-Melt	CBK addition	30-DEC-2019	NaN	NaN
GD potassic granodiorite	Zircon		U	174	174			Phenocryst-Matrix	Nardi 2013 10.1016/j.chemgeo.2012.10.043	Solid-Melt	CBK addition	30-DEC-2019	NaN	NaN
GD potassic granodiorite	Zircon		Y	129	129			Phenocryst-Matrix	Nardi 2013 10.1016/j.chemgeo.2012.10.043	Solid-Melt	CBK addition	30-DEC-2019	NaN	NaN
TMZ quartz monzonite	Zircon		Tb	23	23			Phenocryst-Matrix	Nardi 2013 10.1016/j.chemgeo.2012.10.043	Solid-Melt	CBK addition	30-DEC-2019	NaN	NaN
TMZ quartz monzonite	Zircon		Dy	43	43			Phenocryst-Matrix	Nardi 2013 10.1016/j.chemgeo.2012.10.043	Solid-Melt	CBK addition	30-DEC-2019	NaN	NaN
TMZ quartz monzonite	Zircon		Ho	87	87			Phenocryst-Matrix	Nardi 2013 10.1016/j.chemgeo.2012.10.043	Solid-Melt	CBK addition	30-DEC-2019	NaN	NaN
TMZ quartz monzonite	Zircon		Er	152	152			Phenocryst-Matrix	Nardi 2013 10.1016/j.chemgeo.2012.10.043	Solid-Melt	CBK addition	30-DEC-2019	NaN	NaN
TMZ quartz monzonite	Zircon		Tm	230	230			Phenocryst-Matrix	Nardi 2013 10.1016/j.chemgeo.2012.10.043	Solid-Melt	CBK addition	30-DEC-2019	NaN	NaN
TMZ quartz monzonite	Zircon		Yb	339	339			Phenocryst-Matrix	Nardi 2013 10.1016/j.chemgeo.2012.10.043	Solid-Melt	CBK addition	30-DEC-2019	NaN	NaN
TMZ quartz monzonite	Zircon		Lu	440	440			Phenocryst-Matrix	Nardi 2013 10.1016/j.chemgeo.2012.10.043	Solid-Melt	CBK addition	30-DEC-2019	NaN	NaN
TMZ quartz monzonite	Zircon		Nb	0.5	0.5			Phenocryst-Matrix	Nardi 2013 10.1016/j.chemgeo.2012.10.043	Solid-Melt	CBK addition	30-DEC-2019	NaN	NaN
TMZ quartz monzonite	Zircon		Ta	1.9	1.9			Phenocryst-Matrix	Nardi 2013 10.1016/j.chemgeo.2012.10.043	Solid-Melt	CBK addition	30-DEC-2019	NaN	NaN
TMZ quartz monzonite	Zircon		Th	18	18			Phenocryst-Matrix	Nardi 2013 10.1016/j.chemgeo.2012.10.043	Solid-Melt	CBK addition	30-DEC-2019	NaN	NaN
TMZ quartz monzonite	Zircon		U	141	141			Phenocryst-Matrix	Nardi 2013 10.1016/j.chemgeo.2012.10.043	Solid-Melt	CBK addition	30-DEC-2019	NaN	NaN
TMZ quartz monzonite	Zircon		Y	79	79			Phenocryst-Matrix	Nardi 2013 10.1016/j.chemgeo.2012.10.043	Solid-Melt	CBK addition	30-DEC-2019	NaN	NaN
HQM quartz monzonite	Zircon		Tb	21	21			Phenocryst-Matrix	Nardi 2013 10.1016/j.chemgeo.2012.10.043	Solid-Melt	CBK addition	30-DEC-2019	NaN	NaN
HQM quartz monzonite	Zircon		Dy	44	44			Phenocryst-Matrix	Nardi 2013 10.1016/j.chemgeo.2012.10.043	Solid-Melt	CBK addition	30-DEC-2019	NaN	NaN
HQM quartz monzonite	Zircon		Ho	104	104			Phenocryst-Matrix	Nardi 2013 10.1016/j.chemgeo.2012.10.043	Solid-Melt	CBK addition	30-DEC-2019	NaN	NaN
HQM quartz monzonite	Zircon		Er	179	179			Phenocryst-Matrix	Nardi 2013 10.1016/j.chemgeo.2012.10.043	Solid-Melt	CBK addition	30-DEC-2019	NaN	NaN
HQM quartz monzonite	Zircon		Tm	399	399			Phenocryst-Matrix	Nardi 2013 10.1016/j.chemgeo.2012.10.043	Solid-Melt	CBK addition	30-DEC-2019	NaN	NaN
HQM quartz monzonite	Zircon		Yb	489	489			Phenocryst-Matrix	Nardi 2013 10.1016/j.chemgeo.2012.10.043	Solid-Melt	CBK addition	30-DEC-2019	NaN	NaN
HQM quartz monzonite	Zircon		Lu	613	613			Phenocryst-Matrix	Nardi 2013 10.1016/j.chemgeo.2012.10.043	Solid-Melt	CBK addition	30-DEC-2019	NaN	NaN
HQM quartz monzonite	Zircon		Nb	0.3	0.3			Phenocryst-Matrix	Nardi 2013 10.1016/j.chemgeo.2012.10.043	Solid-Melt	CBK addition	30-DEC-2019	NaN	NaN
HQM quartz monzonite	Zircon		Ta	1.2	1.2			Phenocryst-Matrix	Nardi 2013 10.1016/j.chemgeo.2012.10.043	Solid-Melt	CBK addition	30-DEC-2019	NaN	NaN
HQM quartz monzonite	Zircon		Th	13	13			Phenocryst-Matrix	Nardi 2013 10.1016/j.chemgeo.2012.10.043	Solid-Melt	CBK addition	30-DEC-2019	NaN	NaN
HQM quartz monzonite	Zircon		U	66	66			Phenocryst-Matrix	Nardi 2013 10.1016/j.chemgeo.2012.10.043	Solid-Melt	CBK addition	30-DEC-2019	NaN	NaN
HQM quartz monzonite	Zircon		Y	106	106			Phenocryst-Matrix	Nardi 2013 10.1016/j.chemgeo.2012.10.043	Solid-Melt	CBK addition	30-DEC-2019	NaN	NaN
PIQ ultrapotassic syenogranite	Zircon		Tb	37	37			Phenocryst-Matrix	Nardi 2013 10.1016/j.chemgeo.2012.10.043	Solid-Melt	CBK addition	30-DEC-2019	NaN	NaN
PIQ ultrapotassic syenogranite	Zircon		Dy	59	59			Phenocryst-Matrix	Nardi 2013 10.1016/j.chemgeo.2012.10.043	Solid-Melt	CBK addition	30-DEC-2019	NaN	NaN
PIQ ultrapotassic syenogranite	Zircon		Ho	96	96			Phenocryst-Matrix	Nardi 2013 10.1016/j.chemgeo.2012.10.043	Solid-Melt	CBK addition	30-DEC-2019	NaN	NaN
PIQ ultrapotassic syenogranite	Zircon		Er	160	160			Phenocryst-Matrix	Nardi 2013 10.1016/j.chemgeo.2012.10.043	Solid-Melt	CBK addition	30-DEC-2019	NaN	NaN
PIQ ultrapotassic syenogranite	Zircon		Tm	218	218			Phenocryst-Matrix	Nardi 2013 10.1016/j.chemgeo.2012.10.043	Solid-Melt	CBK addition	30-DEC-2019	NaN	NaN
PIQ ultrapotassic syenogranite	Zircon		Yb	303	303			Phenocryst-Matrix	Nardi 2013 10.1016/j.chemgeo.2012.10.043	Solid-Melt	CBK addition	30-DEC-2019	NaN	NaN
PIQ ultrapotassic syenogranite	Zircon		Lu	319	319			Phenocryst-Matrix	Nardi 2013 10.1016/j.chemgeo.2012.10.043	Solid-Melt	CBK addition	30-DEC-2019	NaN	NaN
PIQ ultrapotassic syenogranite	Zircon		Nb	0.6	0.6			Phenocryst-Matrix	Nardi 2013 10.1016/j.chemgeo.2012.10.043	Solid-Melt	CBK addition	30-DEC-2019	NaN	NaN
PIQ ultrapotassic syenogranite	Zircon		Ta	0.8	0.8			Phenocryst-Matrix	Nardi 2013 10.1016/j.chemgeo.2012.10.043	Solid-Melt	CBK addition	30-DEC-2019	NaN	NaN
PIQ ultrapotassic syenogranite	Zircon		Th	11	11			Phenocryst-Matrix	Nardi 2013 10.1016/j.chemgeo.2012.10.043	Solid-Melt	CBK addition	30-DEC-2019	NaN	NaN
PIQ ultrapotassic syenogranite	Zircon		U	43	43			Phenocryst-Matrix	Nardi 2013 10.1016/j.chemgeo.2012.10.043	Solid-Melt	CBK addition	30-DEC-2019	NaN	NaN
PIQ ultrapotassic syenogranite	Zircon		Y	104	104			Phenocryst-Matrix	Nardi 2013 10.1016/j.chemgeo.2012.10.043	Solid-Melt	CBK addition	30-DEC-2019	NaN	NaN
S Cleft Dacite	Zircon		La	0.003	0.0015			Phenocryst-Matrix	Schmitt 2011 10.1016/j.epsl.2010.12.022	Solid-Melt	CBK addition	30-DEC-2019	65.25	5.3
S Cleft Dacite	Zircon		Ce	0.16	0.08			Phenocryst-Matrix	Schmitt 2011 10.1016/j.epsl.2010.12.022	Solid-Melt	CBK addition	30-DEC-2019	65.25	5.3
S Cleft Dacite	Zircon		Pr	0.024	0.012			Phenocryst-Matrix	Schmitt 2011 10.1016/j.epsl.2010.12.022	Solid-Melt	CBK addition	30-DEC-2019	65.25	5.3
S Cleft Dacite	Zircon		Nd	0.07	0.035			Phenocryst-Matrix	Schmitt 2011 10.1016/j.epsl.2010.12.022	Solid-Melt	CBK addition	30-DEC-2019	65.25	5.3
S Cleft Dacite	Zircon		Sm	0.61	0.305			Phenocryst-Matrix	Schmitt 2011 10.1016/j.epsl.2010.12.022	Solid-Melt	CBK addition	30-DEC-2019	65.25	5.3
S Cleft Dacite	Zircon		Eu	0.59	0.295			Phenocryst-Matrix	Schmitt 2011 10.1016/j.epsl.2010.12.022	Solid-Melt	CBK addition	30-DEC-2019	65.25	5.3
S Cleft Dacite	Zircon		Gd	3.9	1.95			Phenocryst-Matrix	Schmitt 2011 10.1016/j.epsl.2010.12.022	Solid-Melt	CBK addition	30-DEC-2019	65.25	5.3
S Cleft Dacite	Zircon		Tb	7.6	3.8			Phenocryst-Matrix	Schmitt 2011 10.1016/j.epsl.2010.12.022	Solid-Melt	CBK addition	30-DEC-2019	65.25	5.3
S Cleft Dacite	Zircon		Dy	14	7			Phenocryst-Matrix	Schmitt 2011 10.1016/j.epsl.2010.12.022	Solid-Melt	CBK addition	30-DEC-2019	65.25	5.3
S Cleft Dacite	Zircon		Ho	23	11.5			Phenocryst-Matrix	Schmitt 2011 10.1016/j.epsl.2010.12.022	Solid-Melt	CBK addition	30-DEC-2019	65.25	5.3
S Cleft Dacite	Zircon		Er	32	16			Phenocryst-Matrix	Schmitt 2011 10.1016/j.epsl.2010.12.022	Solid-Melt	CBK addition	30-DEC-2019	65.25	5.3
S Cleft Dacite	Zircon		Tm	58	29			Phenocryst-Matrix	Schmitt 2011 10.1016/j.epsl.2010.12.022	Solid-Melt	CBK addition	30-DEC-2019	65.25	5.3
S Cleft Dacite	Zircon		Yb	59	29.5			Phenocryst-Matrix	Schmitt 2011 10.1016/j.epsl.2010.12.022	Solid-Melt	CBK addition	30-DEC-2019	65.25	5.3
S Cleft Dacite	Zircon		Lu	71	35.5			Phenocryst-Matrix	Schmitt 2011 10.1016/j.epsl.2010.12.022	Solid-Melt	CBK addition	30-DEC-2019	65.25	5.3
HRL21 Highland Range volcanics	Zircon		Ti	0.011	0.00275			Phenocryst-Matrix	Claiborne 2018 10.1002/9781119227250.ch1 	Solid-Melt	CBK addition	30-DEC-2019	77.7	5
HRL21 Highland Range volcanics	Zircon		Nb	1.38	0.345			Phenocryst-Matrix	Claiborne 2018 10.1002/9781119227250.ch1 	Solid-Melt	CBK addition	30-DEC-2019	77.7	5
HRL21 Highland Range volcanics	Zircon		La	0.0024	0.0006			Phenocryst-Matrix	Claiborne 2018 10.1002/9781119227250.ch1 	Solid-Melt	CBK addition	30-DEC-2019	77.7	5
HRL21 Highland Range volcanics	Zircon		Ce	2.49	0.6225			Phenocryst-Matrix	Claiborne 2018 10.1002/9781119227250.ch1 	Solid-Melt	CBK addition	30-DEC-2019	77.7	5
HRL21 Highland Range volcanics	Zircon		Nd	0.078	0.0195			Phenocryst-Matrix	Claiborne 2018 10.1002/9781119227250.ch1 	Solid-Melt	CBK addition	30-DEC-2019	77.7	5
HRL21 Highland Range volcanics	Zircon		Sm	1.13	0.2825			Phenocryst-Matrix	Claiborne 2018 10.1002/9781119227250.ch1 	Solid-Melt	CBK addition	30-DEC-2019	77.7	5
HRL21 Highland Range volcanics	Zircon		Eu	2.52	0.63			Phenocryst-Matrix	Claiborne 2018 10.1002/9781119227250.ch1 	Solid-Melt	CBK addition	30-DEC-2019	77.7	5
HRL21 Highland Range volcanics	Zircon		Gd	13.46	3.365			Phenocryst-Matrix	Claiborne 2018 10.1002/9781119227250.ch1 	Solid-Melt	CBK addition	30-DEC-2019	77.7	5
HRL21 Highland Range volcanics	Zircon		Tb	34.19	8.5475			Phenocryst-Matrix	Claiborne 2018 10.1002/9781119227250.ch1 	Solid-Melt	CBK addition	30-DEC-2019	77.7	5
HRL21 Highland Range volcanics	Zircon		Dy	67.6	16.9			Phenocryst-Matrix	Claiborne 2018 10.1002/9781119227250.ch1 	Solid-Melt	CBK addition	30-DEC-2019	77.7	5
HRL21 Highland Range volcanics	Zircon		Y	121.1	30.275			Phenocryst-Matrix	Claiborne 2018 10.1002/9781119227250.ch1 	Solid-Melt	CBK addition	30-DEC-2019	77.7	5
HRL21 Highland Range volcanics	Zircon		Ho	134.3	33.575			Phenocryst-Matrix	Claiborne 2018 10.1002/9781119227250.ch1 	Solid-Melt	CBK addition	30-DEC-2019	77.7	5
HRL21 Highland Range volcanics	Zircon		Er	218.8	54.7			Phenocryst-Matrix	Claiborne 2018 10.1002/9781119227250.ch1 	Solid-Melt	CBK addition	30-DEC-2019	77.7	5
HRL21 Highland Range volcanics	Zircon		Tm	293.4	73.35			Phenocryst-Matrix	Claiborne 2018 10.1002/9781119227250.ch1 	Solid-Melt	CBK addition	30-DEC-2019	77.7	5
HRL21 Highland Range volcanics	Zircon		Yb	359	89.75			Phenocryst-Matrix	Claiborne 2018 10.1002/9781119227250.ch1 	Solid-Melt	CBK addition	30-DEC-2019	77.7	5
HRL21 Highland Range volcanics	Zircon		Lu	475.1	118.775			Phenocryst-Matrix	Claiborne 2018 10.1002/9781119227250.ch1 	Solid-Melt	CBK addition	30-DEC-2019	77.7	5
HRL21 Highland Range volcanics	Zircon		Hf	3850	962.5			Phenocryst-Matrix	Claiborne 2018 10.1002/9781119227250.ch1 	Solid-Melt	CBK addition	30-DEC-2019	77.7	5
HRL21 Highland Range volcanics	Zircon		Th	50.23	12.5575			Phenocryst-Matrix	Claiborne 2018 10.1002/9781119227250.ch1 	Solid-Melt	CBK addition	30-DEC-2019	77.7	5
HRL21 Highland Range volcanics	Zircon		U	148.4	37.1			Phenocryst-Matrix	Claiborne 2018 10.1002/9781119227250.ch1 	Solid-Melt	CBK addition	30-DEC-2019	77.7	5
HRL27 Highland Range volcanics	Zircon		Ti	0.016	0.004			Phenocryst-Matrix	Claiborne 2018 10.1002/9781119227250.ch1 	Solid-Melt	CBK addition	30-DEC-2019	75.5	5
HRL27 Highland Range volcanics	Zircon		Nb	0.18	0.045			Phenocryst-Matrix	Claiborne 2018 10.1002/9781119227250.ch1 	Solid-Melt	CBK addition	30-DEC-2019	75.5	5
HRL27 Highland Range volcanics	Zircon		La	0.0005	0.000125			Phenocryst-Matrix	Claiborne 2018 10.1002/9781119227250.ch1 	Solid-Melt	CBK addition	30-DEC-2019	75.5	5
HRL27 Highland Range volcanics	Zircon		Ce	0.37	0.0925			Phenocryst-Matrix	Claiborne 2018 10.1002/9781119227250.ch1 	Solid-Melt	CBK addition	30-DEC-2019	75.5	5
HRL27 Highland Range volcanics	Zircon		Nd	0.054	0.0135			Phenocryst-Matrix	Claiborne 2018 10.1002/9781119227250.ch1 	Solid-Melt	CBK addition	30-DEC-2019	75.5	5
HRL27 Highland Range volcanics	Zircon		Sm	0.61	0.1525			Phenocryst-Matrix	Claiborne 2018 10.1002/9781119227250.ch1 	Solid-Melt	CBK addition	30-DEC-2019	75.5	5
HRL27 Highland Range volcanics	Zircon		Eu	2.42	0.605			Phenocryst-Matrix	Claiborne 2018 10.1002/9781119227250.ch1 	Solid-Melt	CBK addition	30-DEC-2019	75.5	5
HRL27 Highland Range volcanics	Zircon		Gd	6.19	1.5475			Phenocryst-Matrix	Claiborne 2018 10.1002/9781119227250.ch1 	Solid-Melt	CBK addition	30-DEC-2019	75.5	5
HRL27 Highland Range volcanics	Zircon		Tb	13.83	3.4575			Phenocryst-Matrix	Claiborne 2018 10.1002/9781119227250.ch1 	Solid-Melt	CBK addition	30-DEC-2019	75.5	5
HRL27 Highland Range volcanics	Zircon		Dy	26.2	6.55			Phenocryst-Matrix	Claiborne 2018 10.1002/9781119227250.ch1 	Solid-Melt	CBK addition	30-DEC-2019	75.5	5
HRL27 Highland Range volcanics	Zircon		Y	45.7	11.425			Phenocryst-Matrix	Claiborne 2018 10.1002/9781119227250.ch1 	Solid-Melt	CBK addition	30-DEC-2019	75.5	5
HRL27 Highland Range volcanics	Zircon		Ho	50.5	12.625			Phenocryst-Matrix	Claiborne 2018 10.1002/9781119227250.ch1 	Solid-Melt	CBK addition	30-DEC-2019	75.5	5
HRL27 Highland Range volcanics	Zircon		Er	80.7	20.175			Phenocryst-Matrix	Claiborne 2018 10.1002/9781119227250.ch1 	Solid-Melt	CBK addition	30-DEC-2019	75.5	5
HRL27 Highland Range volcanics	Zircon		Tm	122.4	30.6			Phenocryst-Matrix	Claiborne 2018 10.1002/9781119227250.ch1 	Solid-Melt	CBK addition	30-DEC-2019	75.5	5
HRL27 Highland Range volcanics	Zircon		Yb	125	31.25			Phenocryst-Matrix	Claiborne 2018 10.1002/9781119227250.ch1 	Solid-Melt	CBK addition	30-DEC-2019	75.5	5
HRL27 Highland Range volcanics	Zircon		Lu	172	43			Phenocryst-Matrix	Claiborne 2018 10.1002/9781119227250.ch1 	Solid-Melt	CBK addition	30-DEC-2019	75.5	5
HRL27 Highland Range volcanics	Zircon		Hf	997	249.25			Phenocryst-Matrix	Claiborne 2018 10.1002/9781119227250.ch1 	Solid-Melt	CBK addition	30-DEC-2019	75.5	5
HRL27 Highland Range volcanics	Zircon		Th	4.52	1.13			Phenocryst-Matrix	Claiborne 2018 10.1002/9781119227250.ch1 	Solid-Melt	CBK addition	30-DEC-2019	75.5	5
HRL27 Highland Range volcanics	Zircon		U	16.3	4.075			Phenocryst-Matrix	Claiborne 2018 10.1002/9781119227250.ch1 	Solid-Melt	CBK addition	30-DEC-2019	75.5	5
KPST01 Peach Spring Tuff	Zircon		Ti	0.012	0.003			Phenocryst-Matrix	Claiborne 2018 10.1002/9781119227250.ch1 	Solid-Melt	CBK addition	30-DEC-2019	76.8	5
KPST01 Peach Spring Tuff	Zircon		Nb	0.35	0.0875			Phenocryst-Matrix	Claiborne 2018 10.1002/9781119227250.ch1 	Solid-Melt	CBK addition	30-DEC-2019	76.8	5
KPST01 Peach Spring Tuff	Zircon		La	0.0027	0.000675			Phenocryst-Matrix	Claiborne 2018 10.1002/9781119227250.ch1 	Solid-Melt	CBK addition	30-DEC-2019	76.8	5
KPST01 Peach Spring Tuff	Zircon		Ce	0.87	0.2175			Phenocryst-Matrix	Claiborne 2018 10.1002/9781119227250.ch1 	Solid-Melt	CBK addition	30-DEC-2019	76.8	5
KPST01 Peach Spring Tuff	Zircon		Nd	0.049	0.01225			Phenocryst-Matrix	Claiborne 2018 10.1002/9781119227250.ch1 	Solid-Melt	CBK addition	30-DEC-2019	76.8	5
KPST01 Peach Spring Tuff	Zircon		Sm	0.62	0.155			Phenocryst-Matrix	Claiborne 2018 10.1002/9781119227250.ch1 	Solid-Melt	CBK addition	30-DEC-2019	76.8	5
KPST01 Peach Spring Tuff	Zircon		Eu	3.09	0.7725			Phenocryst-Matrix	Claiborne 2018 10.1002/9781119227250.ch1 	Solid-Melt	CBK addition	30-DEC-2019	76.8	5
KPST01 Peach Spring Tuff	Zircon		Gd	6.79	1.6975			Phenocryst-Matrix	Claiborne 2018 10.1002/9781119227250.ch1 	Solid-Melt	CBK addition	30-DEC-2019	76.8	5
KPST01 Peach Spring Tuff	Zircon		Tb	14.52	3.63			Phenocryst-Matrix	Claiborne 2018 10.1002/9781119227250.ch1 	Solid-Melt	CBK addition	30-DEC-2019	76.8	5
KPST01 Peach Spring Tuff	Zircon		Dy	24.9	6.225			Phenocryst-Matrix	Claiborne 2018 10.1002/9781119227250.ch1 	Solid-Melt	CBK addition	30-DEC-2019	76.8	5
KPST01 Peach Spring Tuff	Zircon		Y	42.7	10.675			Phenocryst-Matrix	Claiborne 2018 10.1002/9781119227250.ch1 	Solid-Melt	CBK addition	30-DEC-2019	76.8	5
KPST01 Peach Spring Tuff	Zircon		Ho	50.1	12.525			Phenocryst-Matrix	Claiborne 2018 10.1002/9781119227250.ch1 	Solid-Melt	CBK addition	30-DEC-2019	76.8	5
KPST01 Peach Spring Tuff	Zircon		Er	83.9	20.975			Phenocryst-Matrix	Claiborne 2018 10.1002/9781119227250.ch1 	Solid-Melt	CBK addition	30-DEC-2019	76.8	5
KPST01 Peach Spring Tuff	Zircon		Tm	95.5	23.875			Phenocryst-Matrix	Claiborne 2018 10.1002/9781119227250.ch1 	Solid-Melt	CBK addition	30-DEC-2019	76.8	5
KPST01 Peach Spring Tuff	Zircon		Yb	114.4	28.6			Phenocryst-Matrix	Claiborne 2018 10.1002/9781119227250.ch1 	Solid-Melt	CBK addition	30-DEC-2019	76.8	5
KPST01 Peach Spring Tuff	Zircon		Lu	126.9	31.725			Phenocryst-Matrix	Claiborne 2018 10.1002/9781119227250.ch1 	Solid-Melt	CBK addition	30-DEC-2019	76.8	5
KPST01 Peach Spring Tuff	Zircon		Hf	2033	508.25			Phenocryst-Matrix	Claiborne 2018 10.1002/9781119227250.ch1 	Solid-Melt	CBK addition	30-DEC-2019	76.8	5
KPST01 Peach Spring Tuff	Zircon		Th	8.58	2.145			Phenocryst-Matrix	Claiborne 2018 10.1002/9781119227250.ch1 	Solid-Melt	CBK addition	30-DEC-2019	76.8	5
KPST01 Peach Spring Tuff	Zircon		U	30	7.5			Phenocryst-Matrix	Claiborne 2018 10.1002/9781119227250.ch1 	Solid-Melt	CBK addition	30-DEC-2019	76.8	5
SHL08-21Z Mt St Helens, Cougar stage	Zircon		Ti	0.006	0.0015			Phenocryst-Matrix	Claiborne 2018 10.1002/9781119227250.ch1 	Solid-Melt	CBK addition	30-DEC-2019	74.3	5
SHL08-21Z Mt St Helens, Cougar stage	Zircon		Nb	0.61	0.1525			Phenocryst-Matrix	Claiborne 2018 10.1002/9781119227250.ch1 	Solid-Melt	CBK addition	30-DEC-2019	74.3	5
SHL08-21Z Mt St Helens, Cougar stage	Zircon		La	0.0008	0.0002			Phenocryst-Matrix	Claiborne 2018 10.1002/9781119227250.ch1 	Solid-Melt	CBK addition	30-DEC-2019	74.3	5
SHL08-21Z Mt St Helens, Cougar stage	Zircon		Ce	0.44	0.11			Phenocryst-Matrix	Claiborne 2018 10.1002/9781119227250.ch1 	Solid-Melt	CBK addition	30-DEC-2019	74.3	5
SHL08-21Z Mt St Helens, Cougar stage	Zircon		Nd	0.131	0.03275			Phenocryst-Matrix	Claiborne 2018 10.1002/9781119227250.ch1 	Solid-Melt	CBK addition	30-DEC-2019	74.3	5
SHL08-21Z Mt St Helens, Cougar stage	Zircon		Sm	2.05	0.5125			Phenocryst-Matrix	Claiborne 2018 10.1002/9781119227250.ch1 	Solid-Melt	CBK addition	30-DEC-2019	74.3	5
SHL08-21Z Mt St Helens, Cougar stage	Zircon		Eu	1.66	0.415			Phenocryst-Matrix	Claiborne 2018 10.1002/9781119227250.ch1 	Solid-Melt	CBK addition	30-DEC-2019	74.3	5
SHL08-21Z Mt St Helens, Cougar stage	Zircon		Gd	25.79	6.4475			Phenocryst-Matrix	Claiborne 2018 10.1002/9781119227250.ch1 	Solid-Melt	CBK addition	30-DEC-2019	74.3	5
SHL08-21Z Mt St Helens, Cougar stage	Zircon		Tb	48.41	12.1025			Phenocryst-Matrix	Claiborne 2018 10.1002/9781119227250.ch1 	Solid-Melt	CBK addition	30-DEC-2019	74.3	5
SHL08-21Z Mt St Helens, Cougar stage	Zircon		Dy	94.6	23.65			Phenocryst-Matrix	Claiborne 2018 10.1002/9781119227250.ch1 	Solid-Melt	CBK addition	30-DEC-2019	74.3	5
SHL08-21Z Mt St Helens, Cougar stage	Zircon		Y	166.8	41.7			Phenocryst-Matrix	Claiborne 2018 10.1002/9781119227250.ch1 	Solid-Melt	CBK addition	30-DEC-2019	74.3	5
SHL08-21Z Mt St Helens, Cougar stage	Zircon		Ho	180.5	45.125			Phenocryst-Matrix	Claiborne 2018 10.1002/9781119227250.ch1 	Solid-Melt	CBK addition	30-DEC-2019	74.3	5
SHL08-21Z Mt St Helens, Cougar stage	Zircon		Er	312.3	78.075			Phenocryst-Matrix	Claiborne 2018 10.1002/9781119227250.ch1 	Solid-Melt	CBK addition	30-DEC-2019	74.3	5
SHL08-21Z Mt St Helens, Cougar stage	Zircon		Tm	447.7	111.925			Phenocryst-Matrix	Claiborne 2018 10.1002/9781119227250.ch1 	Solid-Melt	CBK addition	30-DEC-2019	74.3	5
SHL08-21Z Mt St Helens, Cougar stage	Zircon		Yb	534	133.5			Phenocryst-Matrix	Claiborne 2018 10.1002/9781119227250.ch1 	Solid-Melt	CBK addition	30-DEC-2019	74.3	5
SHL08-21Z Mt St Helens, Cougar stage	Zircon		Lu	752.5	188.125			Phenocryst-Matrix	Claiborne 2018 10.1002/9781119227250.ch1 	Solid-Melt	CBK addition	30-DEC-2019	74.3	5
SHL08-21Z Mt St Helens, Cougar stage	Zircon		Hf	6185	1546.25			Phenocryst-Matrix	Claiborne 2018 10.1002/9781119227250.ch1 	Solid-Melt	CBK addition	30-DEC-2019	74.3	5
SHL08-21Z Mt St Helens, Cougar stage	Zircon		Th	12.69	3.1725			Phenocryst-Matrix	Claiborne 2018 10.1002/9781119227250.ch1 	Solid-Melt	CBK addition	30-DEC-2019	74.3	5
SHL08-21Z Mt St Helens, Cougar stage	Zircon		U	68.9	17.225			Phenocryst-Matrix	Claiborne 2018 10.1002/9781119227250.ch1 	Solid-Melt	CBK addition	30-DEC-2019	74.3	5
SHL08-26Z Mt St Helens, Ape Canyon stage	Zircon		Ti	0.013	0.00325			Phenocryst-Matrix	Claiborne 2018 10.1002/9781119227250.ch1 	Solid-Melt	CBK addition	30-DEC-2019	76.6	5
SHL08-26Z Mt St Helens, Ape Canyon stage	Zircon		Nb	0.32	0.08			Phenocryst-Matrix	Claiborne 2018 10.1002/9781119227250.ch1 	Solid-Melt	CBK addition	30-DEC-2019	76.6	5
SHL08-26Z Mt St Helens, Ape Canyon stage	Zircon		La	0.004	0.001			Phenocryst-Matrix	Claiborne 2018 10.1002/9781119227250.ch1 	Solid-Melt	CBK addition	30-DEC-2019	76.6	5
SHL08-26Z Mt St Helens, Ape Canyon stage	Zircon		Ce	0.2	0.05			Phenocryst-Matrix	Claiborne 2018 10.1002/9781119227250.ch1 	Solid-Melt	CBK addition	30-DEC-2019	76.6	5
SHL08-26Z Mt St Helens, Ape Canyon stage	Zircon		Nd	0.021	0.00525			Phenocryst-Matrix	Claiborne 2018 10.1002/9781119227250.ch1 	Solid-Melt	CBK addition	30-DEC-2019	76.6	5
SHL08-26Z Mt St Helens, Ape Canyon stage	Zircon		Sm	0.39	0.0975			Phenocryst-Matrix	Claiborne 2018 10.1002/9781119227250.ch1 	Solid-Melt	CBK addition	30-DEC-2019	76.6	5
SHL08-26Z Mt St Helens, Ape Canyon stage	Zircon		Eu	1	0.25			Phenocryst-Matrix	Claiborne 2018 10.1002/9781119227250.ch1 	Solid-Melt	CBK addition	30-DEC-2019	76.6	5
SHL08-26Z Mt St Helens, Ape Canyon stage	Zircon		Gd	6.83	1.7075			Phenocryst-Matrix	Claiborne 2018 10.1002/9781119227250.ch1 	Solid-Melt	CBK addition	30-DEC-2019	76.6	5
SHL08-26Z Mt St Helens, Ape Canyon stage	Zircon		Tb		0			Phenocryst-Matrix	Claiborne 2018 10.1002/9781119227250.ch1 	Solid-Melt	CBK addition	30-DEC-2019	76.6	5
SHL08-26Z Mt St Helens, Ape Canyon stage	Zircon		Dy	43.2	10.8			Phenocryst-Matrix	Claiborne 2018 10.1002/9781119227250.ch1 	Solid-Melt	CBK addition	30-DEC-2019	76.6	5
SHL08-26Z Mt St Helens, Ape Canyon stage	Zircon		Y	76.7	19.175			Phenocryst-Matrix	Claiborne 2018 10.1002/9781119227250.ch1 	Solid-Melt	CBK addition	30-DEC-2019	76.6	5
SHL08-26Z Mt St Helens, Ape Canyon stage	Zircon		Ho		0			Phenocryst-Matrix	Claiborne 2018 10.1002/9781119227250.ch1 	Solid-Melt	CBK addition	30-DEC-2019	76.6	5
SHL08-26Z Mt St Helens, Ape Canyon stage	Zircon		Er	179.7	44.925			Phenocryst-Matrix	Claiborne 2018 10.1002/9781119227250.ch1 	Solid-Melt	CBK addition	30-DEC-2019	76.6	5
SHL08-26Z Mt St Helens, Ape Canyon stage	Zircon		Tm		0			Phenocryst-Matrix	Claiborne 2018 10.1002/9781119227250.ch1 	Solid-Melt	CBK addition	30-DEC-2019	76.6	5
SHL08-26Z Mt St Helens, Ape Canyon stage	Zircon		Yb	374.2	93.55			Phenocryst-Matrix	Claiborne 2018 10.1002/9781119227250.ch1 	Solid-Melt	CBK addition	30-DEC-2019	76.6	5
SHL08-26Z Mt St Helens, Ape Canyon stage	Zircon		Lu	488.2	122.05			Phenocryst-Matrix	Claiborne 2018 10.1002/9781119227250.ch1 	Solid-Melt	CBK addition	30-DEC-2019	76.6	5
SHL08-26Z Mt St Helens, Ape Canyon stage	Zircon		Hf	6424	1606			Phenocryst-Matrix	Claiborne 2018 10.1002/9781119227250.ch1 	Solid-Melt	CBK addition	30-DEC-2019	76.6	5
SHL08-26Z Mt St Helens, Ape Canyon stage	Zircon		Th	5.84	1.46			Phenocryst-Matrix	Claiborne 2018 10.1002/9781119227250.ch1 	Solid-Melt	CBK addition	30-DEC-2019	76.6	5
SHL08-26Z Mt St Helens, Ape Canyon stage	Zircon		U	90.1	22.525			Phenocryst-Matrix	Claiborne 2018 10.1002/9781119227250.ch1 	Solid-Melt	CBK addition	30-DEC-2019	76.6	5
SHL08-34Z Mt St Helens, Spirit Lake stage	Zircon		Ti	0.004	0.001			Phenocryst-Matrix	Claiborne 2018 10.1002/9781119227250.ch1 	Solid-Melt	CBK addition	30-DEC-2019	75.3	5
SHL08-34Z Mt St Helens, Spirit Lake stage	Zircon		Nb	0.67	0.1675			Phenocryst-Matrix	Claiborne 2018 10.1002/9781119227250.ch1 	Solid-Melt	CBK addition	30-DEC-2019	75.3	5
SHL08-34Z Mt St Helens, Spirit Lake stage	Zircon		La	0.0007	0.000175			Phenocryst-Matrix	Claiborne 2018 10.1002/9781119227250.ch1 	Solid-Melt	CBK addition	30-DEC-2019	75.3	5
SHL08-34Z Mt St Helens, Spirit Lake stage	Zircon		Ce	0.29	0.0725			Phenocryst-Matrix	Claiborne 2018 10.1002/9781119227250.ch1 	Solid-Melt	CBK addition	30-DEC-2019	75.3	5
SHL08-34Z Mt St Helens, Spirit Lake stage	Zircon		Nd	0.029	0.00725			Phenocryst-Matrix	Claiborne 2018 10.1002/9781119227250.ch1 	Solid-Melt	CBK addition	30-DEC-2019	75.3	5
SHL08-34Z Mt St Helens, Spirit Lake stage	Zircon		Sm	0.58	0.145			Phenocryst-Matrix	Claiborne 2018 10.1002/9781119227250.ch1 	Solid-Melt	CBK addition	30-DEC-2019	75.3	5
SHL08-34Z Mt St Helens, Spirit Lake stage	Zircon		Eu	1.08	0.27			Phenocryst-Matrix	Claiborne 2018 10.1002/9781119227250.ch1 	Solid-Melt	CBK addition	30-DEC-2019	75.3	5
SHL08-34Z Mt St Helens, Spirit Lake stage	Zircon		Gd	8.68	2.17			Phenocryst-Matrix	Claiborne 2018 10.1002/9781119227250.ch1 	Solid-Melt	CBK addition	30-DEC-2019	75.3	5
SHL08-34Z Mt St Helens, Spirit Lake stage	Zircon		Tb	22.2	5.55			Phenocryst-Matrix	Claiborne 2018 10.1002/9781119227250.ch1 	Solid-Melt	CBK addition	30-DEC-2019	75.3	5
SHL08-34Z Mt St Helens, Spirit Lake stage	Zircon		Dy	49.4	12.35			Phenocryst-Matrix	Claiborne 2018 10.1002/9781119227250.ch1 	Solid-Melt	CBK addition	30-DEC-2019	75.3	5
SHL08-34Z Mt St Helens, Spirit Lake stage	Zircon		Y	117.5	29.375			Phenocryst-Matrix	Claiborne 2018 10.1002/9781119227250.ch1 	Solid-Melt	CBK addition	30-DEC-2019	75.3	5
SHL08-34Z Mt St Helens, Spirit Lake stage	Zircon		Ho	111.1	27.775			Phenocryst-Matrix	Claiborne 2018 10.1002/9781119227250.ch1 	Solid-Melt	CBK addition	30-DEC-2019	75.3	5
SHL08-34Z Mt St Helens, Spirit Lake stage	Zircon		Er	189.2	47.3			Phenocryst-Matrix	Claiborne 2018 10.1002/9781119227250.ch1 	Solid-Melt	CBK addition	30-DEC-2019	75.3	5
SHL08-34Z Mt St Helens, Spirit Lake stage	Zircon		Tm	283.5	70.875			Phenocryst-Matrix	Claiborne 2018 10.1002/9781119227250.ch1 	Solid-Melt	CBK addition	30-DEC-2019	75.3	5
SHL08-34Z Mt St Helens, Spirit Lake stage	Zircon		Yb	353	88.25			Phenocryst-Matrix	Claiborne 2018 10.1002/9781119227250.ch1 	Solid-Melt	CBK addition	30-DEC-2019	75.3	5
SHL08-34Z Mt St Helens, Spirit Lake stage	Zircon		Lu	484.9	121.225			Phenocryst-Matrix	Claiborne 2018 10.1002/9781119227250.ch1 	Solid-Melt	CBK addition	30-DEC-2019	75.3	5
SHL08-34Z Mt St Helens, Spirit Lake stage	Zircon		Hf	4494	1123.5			Phenocryst-Matrix	Claiborne 2018 10.1002/9781119227250.ch1 	Solid-Melt	CBK addition	30-DEC-2019	75.3	5
SHL08-34Z Mt St Helens, Spirit Lake stage	Zircon		Th	10.58	2.645			Phenocryst-Matrix	Claiborne 2018 10.1002/9781119227250.ch1 	Solid-Melt	CBK addition	30-DEC-2019	75.3	5
SHL08-34Z Mt St Helens, Spirit Lake stage	Zircon		U	98.6	24.65			Phenocryst-Matrix	Claiborne 2018 10.1002/9781119227250.ch1 	Solid-Melt	CBK addition	30-DEC-2019	75.3	5
IOHN‐1 Oraefajokull pumice	Zircon		Ti	0.008	0.002			Phenocryst-Matrix	Claiborne 2018 10.1002/9781119227250.ch1 	Solid-Melt	CBK addition	30-DEC-2019	73.5	5
IOHN‐1 Oraefajokull pumice	Zircon		Nb	0.1	0.025			Phenocryst-Matrix	Claiborne 2018 10.1002/9781119227250.ch1 	Solid-Melt	CBK addition	30-DEC-2019	73.5	5
IOHN‐1 Oraefajokull pumice	Zircon		La	0.0005	0.000125			Phenocryst-Matrix	Claiborne 2018 10.1002/9781119227250.ch1 	Solid-Melt	CBK addition	30-DEC-2019	73.5	5
IOHN‐1 Oraefajokull pumice	Zircon		Ce	0.04	0.01			Phenocryst-Matrix	Claiborne 2018 10.1002/9781119227250.ch1 	Solid-Melt	CBK addition	30-DEC-2019	73.5	5
IOHN‐1 Oraefajokull pumice	Zircon		Nd	0.01	0.0025			Phenocryst-Matrix	Claiborne 2018 10.1002/9781119227250.ch1 	Solid-Melt	CBK addition	30-DEC-2019	73.5	5
IOHN‐1 Oraefajokull pumice	Zircon		Sm	0.14	0.035			Phenocryst-Matrix	Claiborne 2018 10.1002/9781119227250.ch1 	Solid-Melt	CBK addition	30-DEC-2019	73.5	5
IOHN‐1 Oraefajokull pumice	Zircon		Eu	0.3	0.075			Phenocryst-Matrix	Claiborne 2018 10.1002/9781119227250.ch1 	Solid-Melt	CBK addition	30-DEC-2019	73.5	5
IOHN‐1 Oraefajokull pumice	Zircon		Dy	5.6	1.4			Phenocryst-Matrix	Claiborne 2018 10.1002/9781119227250.ch1 	Solid-Melt	CBK addition	30-DEC-2019	73.5	5
IOHN‐1 Oraefajokull pumice	Zircon		Y	8.3	2.075			Phenocryst-Matrix	Claiborne 2018 10.1002/9781119227250.ch1 	Solid-Melt	CBK addition	30-DEC-2019	73.5	5
IOHN‐1 Oraefajokull pumice	Zircon		Er	15.6	3.9			Phenocryst-Matrix	Claiborne 2018 10.1002/9781119227250.ch1 	Solid-Melt	CBK addition	30-DEC-2019	73.5	5
IOHN‐1 Oraefajokull pumice	Zircon		Yb	25.4	6.35			Phenocryst-Matrix	Claiborne 2018 10.1002/9781119227250.ch1 	Solid-Melt	CBK addition	30-DEC-2019	73.5	5
IOHN‐1 Oraefajokull pumice	Zircon		Lu	28.9	7.225			Phenocryst-Matrix	Claiborne 2018 10.1002/9781119227250.ch1 	Solid-Melt	CBK addition	30-DEC-2019	73.5	5
IOHN‐1 Oraefajokull pumice	Zircon		Hf	434	108.5			Phenocryst-Matrix	Claiborne 2018 10.1002/9781119227250.ch1 	Solid-Melt	CBK addition	30-DEC-2019	73.5	5
IOHN‐1 Oraefajokull pumice	Zircon		Th	2.54	0.635			Phenocryst-Matrix	Claiborne 2018 10.1002/9781119227250.ch1 	Solid-Melt	CBK addition	30-DEC-2019	73.5	5
IOHN‐1 Oraefajokull pumice	Zircon		U	20.6	5.15			Phenocryst-Matrix	Claiborne 2018 10.1002/9781119227250.ch1 	Solid-Melt	CBK addition	30-DEC-2019	73.5	5
ITHn Torfajokull lava	Zircon		Ti	0.003	0.00075			Phenocryst-Matrix	Claiborne 2018 10.1002/9781119227250.ch1 	Solid-Melt	CBK addition	30-DEC-2019	74.6	5
ITHn Torfajokull lava	Zircon		Nb	0.27	0.0675			Phenocryst-Matrix	Claiborne 2018 10.1002/9781119227250.ch1 	Solid-Melt	CBK addition	30-DEC-2019	74.6	5
ITHn Torfajokull lava	Zircon		La	0.0014	0.00035			Phenocryst-Matrix	Claiborne 2018 10.1002/9781119227250.ch1 	Solid-Melt	CBK addition	30-DEC-2019	74.6	5
ITHn Torfajokull lava	Zircon		Ce	0.19	0.0475			Phenocryst-Matrix	Claiborne 2018 10.1002/9781119227250.ch1 	Solid-Melt	CBK addition	30-DEC-2019	74.6	5
ITHn Torfajokull lava	Zircon		Nd	0.092	0.023			Phenocryst-Matrix	Claiborne 2018 10.1002/9781119227250.ch1 	Solid-Melt	CBK addition	30-DEC-2019	74.6	5
ITHn Torfajokull lava	Zircon		Sm	0.94	0.235			Phenocryst-Matrix	Claiborne 2018 10.1002/9781119227250.ch1 	Solid-Melt	CBK addition	30-DEC-2019	74.6	5
ITHn Torfajokull lava	Zircon		Eu	1.2	0.3			Phenocryst-Matrix	Claiborne 2018 10.1002/9781119227250.ch1 	Solid-Melt	CBK addition	30-DEC-2019	74.6	5
ITHn Torfajokull lava	Zircon		Tb	18.47	4.6175			Phenocryst-Matrix	Claiborne 2018 10.1002/9781119227250.ch1 	Solid-Melt	CBK addition	30-DEC-2019	74.6	5
ITHn Torfajokull lava	Zircon		Dy	34.6	8.65			Phenocryst-Matrix	Claiborne 2018 10.1002/9781119227250.ch1 	Solid-Melt	CBK addition	30-DEC-2019	74.6	5
ITHn Torfajokull lava	Zircon		Y	54.7	13.675			Phenocryst-Matrix	Claiborne 2018 10.1002/9781119227250.ch1 	Solid-Melt	CBK addition	30-DEC-2019	74.6	5
ITHn Torfajokull lava	Zircon		Ho	60.2	15.05			Phenocryst-Matrix	Claiborne 2018 10.1002/9781119227250.ch1 	Solid-Melt	CBK addition	30-DEC-2019	74.6	5
ITHn Torfajokull lava	Zircon		Er	91	22.75			Phenocryst-Matrix	Claiborne 2018 10.1002/9781119227250.ch1 	Solid-Melt	CBK addition	30-DEC-2019	74.6	5
ITHn Torfajokull lava	Zircon		Tm	114.1	28.525			Phenocryst-Matrix	Claiborne 2018 10.1002/9781119227250.ch1 	Solid-Melt	CBK addition	30-DEC-2019	74.6	5
ITHn Torfajokull lava	Zircon		Yb	128.9	32.225			Phenocryst-Matrix	Claiborne 2018 10.1002/9781119227250.ch1 	Solid-Melt	CBK addition	30-DEC-2019	74.6	5
ITHn Torfajokull lava	Zircon		Lu	145.4	36.35			Phenocryst-Matrix	Claiborne 2018 10.1002/9781119227250.ch1 	Solid-Melt	CBK addition	30-DEC-2019	74.6	5
ITHn Torfajokull lava	Zircon		Hf	595	148.75			Phenocryst-Matrix	Claiborne 2018 10.1002/9781119227250.ch1 	Solid-Melt	CBK addition	30-DEC-2019	74.6	5
ITHn Torfajokull lava	Zircon		Th	14.42	3.605			Phenocryst-Matrix	Claiborne 2018 10.1002/9781119227250.ch1 	Solid-Melt	CBK addition	30-DEC-2019	74.6	5
ITHn Torfajokull lava	Zircon		U	53.8	13.45			Phenocryst-Matrix	Claiborne 2018 10.1002/9781119227250.ch1 	Solid-Melt	CBK addition	30-DEC-2019	74.6	5
IHB Hekla pumice	Zircon		Ti	0.01	0.0025			Phenocryst-Matrix	Claiborne 2018 10.1002/9781119227250.ch1 	Solid-Melt	CBK addition	30-DEC-2019	72.9	5
IHB Hekla pumice	Zircon		Nb	0.12	0.03			Phenocryst-Matrix	Claiborne 2018 10.1002/9781119227250.ch1 	Solid-Melt	CBK addition	30-DEC-2019	72.9	5
IHB Hekla pumice	Zircon		La	0.0007	0.000175			Phenocryst-Matrix	Claiborne 2018 10.1002/9781119227250.ch1 	Solid-Melt	CBK addition	30-DEC-2019	72.9	5
IHB Hekla pumice	Zircon		Ce	0.05	0.0125			Phenocryst-Matrix	Claiborne 2018 10.1002/9781119227250.ch1 	Solid-Melt	CBK addition	30-DEC-2019	72.9	5
IHB Hekla pumice	Zircon		Nd	0.036	0.009			Phenocryst-Matrix	Claiborne 2018 10.1002/9781119227250.ch1 	Solid-Melt	CBK addition	30-DEC-2019	72.9	5
IHB Hekla pumice	Zircon		Sm	0.45	0.1125			Phenocryst-Matrix	Claiborne 2018 10.1002/9781119227250.ch1 	Solid-Melt	CBK addition	30-DEC-2019	72.9	5
IHB Hekla pumice	Zircon		Eu	0.76	0.19			Phenocryst-Matrix	Claiborne 2018 10.1002/9781119227250.ch1 	Solid-Melt	CBK addition	30-DEC-2019	72.9	5
IHB Hekla pumice	Zircon		Dy	17	4.25			Phenocryst-Matrix	Claiborne 2018 10.1002/9781119227250.ch1 	Solid-Melt	CBK addition	30-DEC-2019	72.9	5
IHB Hekla pumice	Zircon		Y	22.3	5.575			Phenocryst-Matrix	Claiborne 2018 10.1002/9781119227250.ch1 	Solid-Melt	CBK addition	30-DEC-2019	72.9	5
IHB Hekla pumice	Zircon		Er	46.4	11.6			Phenocryst-Matrix	Claiborne 2018 10.1002/9781119227250.ch1 	Solid-Melt	CBK addition	30-DEC-2019	72.9	5
IHB Hekla pumice	Zircon		Yb	71.3	17.825			Phenocryst-Matrix	Claiborne 2018 10.1002/9781119227250.ch1 	Solid-Melt	CBK addition	30-DEC-2019	72.9	5
IHB Hekla pumice	Zircon		Lu	78.9	19.725			Phenocryst-Matrix	Claiborne 2018 10.1002/9781119227250.ch1 	Solid-Melt	CBK addition	30-DEC-2019	72.9	5
IHB Hekla pumice	Zircon		Hf	801	200.25			Phenocryst-Matrix	Claiborne 2018 10.1002/9781119227250.ch1 	Solid-Melt	CBK addition	30-DEC-2019	72.9	5
IHB Hekla pumice	Zircon		Th	5.64	1.41			Phenocryst-Matrix	Claiborne 2018 10.1002/9781119227250.ch1 	Solid-Melt	CBK addition	30-DEC-2019	72.9	5
IHB Hekla pumice	Zircon		U	38.8	9.7			Phenocryst-Matrix	Claiborne 2018 10.1002/9781119227250.ch1 	Solid-Melt	CBK addition	30-DEC-2019	72.9	5
IETR Torfajokull lava	Zircon		Ti	0.015	0.00375			Phenocryst-Matrix	Claiborne 2018 10.1002/9781119227250.ch1 	Solid-Melt	CBK addition	30-DEC-2019	77.6	5
IETR Torfajokull lava	Zircon		Nb	0.09	0.0225			Phenocryst-Matrix	Claiborne 2018 10.1002/9781119227250.ch1 	Solid-Melt	CBK addition	30-DEC-2019	77.6	5
IETR Torfajokull lava	Zircon		La	0.0002	5E-05			Phenocryst-Matrix	Claiborne 2018 10.1002/9781119227250.ch1 	Solid-Melt	CBK addition	30-DEC-2019	77.6	5
IETR Torfajokull lava	Zircon		Ce	0.17	0.0425			Phenocryst-Matrix	Claiborne 2018 10.1002/9781119227250.ch1 	Solid-Melt	CBK addition	30-DEC-2019	77.6	5
IETR Torfajokull lava	Zircon		Nd	0.008	0.002			Phenocryst-Matrix	Claiborne 2018 10.1002/9781119227250.ch1 	Solid-Melt	CBK addition	30-DEC-2019	77.6	5
IETR Torfajokull lava	Zircon		Sm	0.14	0.035			Phenocryst-Matrix	Claiborne 2018 10.1002/9781119227250.ch1 	Solid-Melt	CBK addition	30-DEC-2019	77.6	5
IETR Torfajokull lava	Zircon		Eu	0.37	0.0925			Phenocryst-Matrix	Claiborne 2018 10.1002/9781119227250.ch1 	Solid-Melt	CBK addition	30-DEC-2019	77.6	5
IETR Torfajokull lava	Zircon		Gd	1.37	0.3425			Phenocryst-Matrix	Claiborne 2018 10.1002/9781119227250.ch1 	Solid-Melt	CBK addition	30-DEC-2019	77.6	5
IETR Torfajokull lava	Zircon		Tb	3.09	0.7725			Phenocryst-Matrix	Claiborne 2018 10.1002/9781119227250.ch1 	Solid-Melt	CBK addition	30-DEC-2019	77.6	5
IETR Torfajokull lava	Zircon		Dy	5.4	1.35			Phenocryst-Matrix	Claiborne 2018 10.1002/9781119227250.ch1 	Solid-Melt	CBK addition	30-DEC-2019	77.6	5
IETR Torfajokull lava	Zircon		Y	9.5	2.375			Phenocryst-Matrix	Claiborne 2018 10.1002/9781119227250.ch1 	Solid-Melt	CBK addition	30-DEC-2019	77.6	5
IETR Torfajokull lava	Zircon		Ho	10.5	2.625			Phenocryst-Matrix	Claiborne 2018 10.1002/9781119227250.ch1 	Solid-Melt	CBK addition	30-DEC-2019	77.6	5
IETR Torfajokull lava	Zircon		Er	17.3	4.325			Phenocryst-Matrix	Claiborne 2018 10.1002/9781119227250.ch1 	Solid-Melt	CBK addition	30-DEC-2019	77.6	5
IETR Torfajokull lava	Zircon		Tm	23.7	5.925			Phenocryst-Matrix	Claiborne 2018 10.1002/9781119227250.ch1 	Solid-Melt	CBK addition	30-DEC-2019	77.6	5
IETR Torfajokull lava	Zircon		Yb	26.8	6.7			Phenocryst-Matrix	Claiborne 2018 10.1002/9781119227250.ch1 	Solid-Melt	CBK addition	30-DEC-2019	77.6	5
IETR Torfajokull lava	Zircon		Lu	33.6	8.4			Phenocryst-Matrix	Claiborne 2018 10.1002/9781119227250.ch1 	Solid-Melt	CBK addition	30-DEC-2019	77.6	5
IETR Torfajokull lava	Zircon		Hf	464	116			Phenocryst-Matrix	Claiborne 2018 10.1002/9781119227250.ch1 	Solid-Melt	CBK addition	30-DEC-2019	77.6	5
IETR Torfajokull lava	Zircon		Th	1.52	0.38			Phenocryst-Matrix	Claiborne 2018 10.1002/9781119227250.ch1 	Solid-Melt	CBK addition	30-DEC-2019	77.6	5
IETR Torfajokull lava	Zircon		U	6.5	1.625			Phenocryst-Matrix	Claiborne 2018 10.1002/9781119227250.ch1 	Solid-Melt	CBK addition	30-DEC-2019	77.6	5
IEKG Krafla lava	Zircon		Ti	0.009	0.00225			Phenocryst-Matrix	Claiborne 2018 10.1002/9781119227250.ch1 	Solid-Melt	CBK addition	30-DEC-2019	76.7	5
IEKG Krafla lava	Zircon		Nb	0.14	0.035			Phenocryst-Matrix	Claiborne 2018 10.1002/9781119227250.ch1 	Solid-Melt	CBK addition	30-DEC-2019	76.7	5
IEKG Krafla lava	Zircon		La	0.0002	5E-05			Phenocryst-Matrix	Claiborne 2018 10.1002/9781119227250.ch1 	Solid-Melt	CBK addition	30-DEC-2019	76.7	5
IEKG Krafla lava	Zircon		Ce	0.04	0.01			Phenocryst-Matrix	Claiborne 2018 10.1002/9781119227250.ch1 	Solid-Melt	CBK addition	30-DEC-2019	76.7	5
IEKG Krafla lava	Zircon		Nd	0.01	0.0025			Phenocryst-Matrix	Claiborne 2018 10.1002/9781119227250.ch1 	Solid-Melt	CBK addition	30-DEC-2019	76.7	5
IEKG Krafla lava	Zircon		Sm	0.13	0.0325			Phenocryst-Matrix	Claiborne 2018 10.1002/9781119227250.ch1 	Solid-Melt	CBK addition	30-DEC-2019	76.7	5
IEKG Krafla lava	Zircon		Eu	0.34	0.085			Phenocryst-Matrix	Claiborne 2018 10.1002/9781119227250.ch1 	Solid-Melt	CBK addition	30-DEC-2019	76.7	5
IEKG Krafla lava	Zircon		Gd	1.3	0.325			Phenocryst-Matrix	Claiborne 2018 10.1002/9781119227250.ch1 	Solid-Melt	CBK addition	30-DEC-2019	76.7	5
IEKG Krafla lava	Zircon		Tb	2.9	0.725			Phenocryst-Matrix	Claiborne 2018 10.1002/9781119227250.ch1 	Solid-Melt	CBK addition	30-DEC-2019	76.7	5
IEKG Krafla lava	Zircon		Dy	5.5	1.375			Phenocryst-Matrix	Claiborne 2018 10.1002/9781119227250.ch1 	Solid-Melt	CBK addition	30-DEC-2019	76.7	5
IEKG Krafla lava	Zircon		Y	9.6	2.4			Phenocryst-Matrix	Claiborne 2018 10.1002/9781119227250.ch1 	Solid-Melt	CBK addition	30-DEC-2019	76.7	5
IEKG Krafla lava	Zircon		Ho	10.4	2.6			Phenocryst-Matrix	Claiborne 2018 10.1002/9781119227250.ch1 	Solid-Melt	CBK addition	30-DEC-2019	76.7	5
IEKG Krafla lava	Zircon		Er	17.1	4.275			Phenocryst-Matrix	Claiborne 2018 10.1002/9781119227250.ch1 	Solid-Melt	CBK addition	30-DEC-2019	76.7	5
IEKG Krafla lava	Zircon		Tm	23.7	5.925			Phenocryst-Matrix	Claiborne 2018 10.1002/9781119227250.ch1 	Solid-Melt	CBK addition	30-DEC-2019	76.7	5
IEKG Krafla lava	Zircon		Yb	27.9	6.975			Phenocryst-Matrix	Claiborne 2018 10.1002/9781119227250.ch1 	Solid-Melt	CBK addition	30-DEC-2019	76.7	5
IEKG Krafla lava	Zircon		Lu	35	8.75			Phenocryst-Matrix	Claiborne 2018 10.1002/9781119227250.ch1 	Solid-Melt	CBK addition	30-DEC-2019	76.7	5
IEKG Krafla lava	Zircon		Hf	753	188.25			Phenocryst-Matrix	Claiborne 2018 10.1002/9781119227250.ch1 	Solid-Melt	CBK addition	30-DEC-2019	76.7	5
IEKG Krafla lava	Zircon		Th	2.79	0.6975			Phenocryst-Matrix	Claiborne 2018 10.1002/9781119227250.ch1 	Solid-Melt	CBK addition	30-DEC-2019	76.7	5
IEKG Krafla lava	Zircon		U	19.8	4.95			Phenocryst-Matrix	Claiborne 2018 10.1002/9781119227250.ch1 	Solid-Melt	CBK addition	30-DEC-2019	76.7	5
IEKIT Kerlingarfjoll lava	Zircon		Ti	0.011	0.00275			Phenocryst-Matrix	Claiborne 2018 10.1002/9781119227250.ch1 	Solid-Melt	CBK addition	30-DEC-2019	79	5
IEKIT Kerlingarfjoll lava	Zircon		Nb	0.19	0.0475			Phenocryst-Matrix	Claiborne 2018 10.1002/9781119227250.ch1 	Solid-Melt	CBK addition	30-DEC-2019	79	5
IEKIT Kerlingarfjoll lava	Zircon		La	0.0019	0.000475			Phenocryst-Matrix	Claiborne 2018 10.1002/9781119227250.ch1 	Solid-Melt	CBK addition	30-DEC-2019	79	5
IEKIT Kerlingarfjoll lava	Zircon		Ce	0.08	0.02			Phenocryst-Matrix	Claiborne 2018 10.1002/9781119227250.ch1 	Solid-Melt	CBK addition	30-DEC-2019	79	5
IEKIT Kerlingarfjoll lava	Zircon		Nd	0.016	0.004			Phenocryst-Matrix	Claiborne 2018 10.1002/9781119227250.ch1 	Solid-Melt	CBK addition	30-DEC-2019	79	5
IEKIT Kerlingarfjoll lava	Zircon		Sm	0.19	0.0475			Phenocryst-Matrix	Claiborne 2018 10.1002/9781119227250.ch1 	Solid-Melt	CBK addition	30-DEC-2019	79	5
IEKIT Kerlingarfjoll lava	Zircon		Eu	0.28	0.07			Phenocryst-Matrix	Claiborne 2018 10.1002/9781119227250.ch1 	Solid-Melt	CBK addition	30-DEC-2019	79	5
IEKIT Kerlingarfjoll lava	Zircon		Gd	1.66	0.415			Phenocryst-Matrix	Claiborne 2018 10.1002/9781119227250.ch1 	Solid-Melt	CBK addition	30-DEC-2019	79	5
IEKIT Kerlingarfjoll lava	Zircon		Tb	3.9	0.975			Phenocryst-Matrix	Claiborne 2018 10.1002/9781119227250.ch1 	Solid-Melt	CBK addition	30-DEC-2019	79	5
IEKIT Kerlingarfjoll lava	Zircon		Dy	7.6	1.9			Phenocryst-Matrix	Claiborne 2018 10.1002/9781119227250.ch1 	Solid-Melt	CBK addition	30-DEC-2019	79	5
IEKIT Kerlingarfjoll lava	Zircon		Y	12.9	3.225			Phenocryst-Matrix	Claiborne 2018 10.1002/9781119227250.ch1 	Solid-Melt	CBK addition	30-DEC-2019	79	5
IEKIT Kerlingarfjoll lava	Zircon		Ho	14.3	3.575			Phenocryst-Matrix	Claiborne 2018 10.1002/9781119227250.ch1 	Solid-Melt	CBK addition	30-DEC-2019	79	5
IEKIT Kerlingarfjoll lava	Zircon		Er	23.7	5.925			Phenocryst-Matrix	Claiborne 2018 10.1002/9781119227250.ch1 	Solid-Melt	CBK addition	30-DEC-2019	79	5
IEKIT Kerlingarfjoll lava	Zircon		Tm	32.3	8.075			Phenocryst-Matrix	Claiborne 2018 10.1002/9781119227250.ch1 	Solid-Melt	CBK addition	30-DEC-2019	79	5
IEKIT Kerlingarfjoll lava	Zircon		Yb	39.5	9.875			Phenocryst-Matrix	Claiborne 2018 10.1002/9781119227250.ch1 	Solid-Melt	CBK addition	30-DEC-2019	79	5
IEKIT Kerlingarfjoll lava	Zircon		Lu	45.6	11.4			Phenocryst-Matrix	Claiborne 2018 10.1002/9781119227250.ch1 	Solid-Melt	CBK addition	30-DEC-2019	79	5
IEKIT Kerlingarfjoll lava	Zircon		Hf	712	178			Phenocryst-Matrix	Claiborne 2018 10.1002/9781119227250.ch1 	Solid-Melt	CBK addition	30-DEC-2019	79	5
IEKIT Kerlingarfjoll lava	Zircon		Th	3.7	0.925			Phenocryst-Matrix	Claiborne 2018 10.1002/9781119227250.ch1 	Solid-Melt	CBK addition	30-DEC-2019	79	5
IEKIT Kerlingarfjoll lava	Zircon		U	29.1	7.275			Phenocryst-Matrix	Claiborne 2018 10.1002/9781119227250.ch1 	Solid-Melt	CBK addition	30-DEC-2019	79	5
IIKK Kroksfjordur cryptodome	Zircon		Ti	0.011	0.00275			Phenocryst-Matrix	Claiborne 2018 10.1002/9781119227250.ch1 	Solid-Melt	CBK addition	30-DEC-2019	77.9	5
IIKK Kroksfjordur cryptodome	Zircon		Nb	0.58	0.145			Phenocryst-Matrix	Claiborne 2018 10.1002/9781119227250.ch1 	Solid-Melt	CBK addition	30-DEC-2019	77.9	5
IIKK Kroksfjordur cryptodome	Zircon		La	0.001	0.00025			Phenocryst-Matrix	Claiborne 2018 10.1002/9781119227250.ch1 	Solid-Melt	CBK addition	30-DEC-2019	77.9	5
IIKK Kroksfjordur cryptodome	Zircon		Ce	0.52	0.13			Phenocryst-Matrix	Claiborne 2018 10.1002/9781119227250.ch1 	Solid-Melt	CBK addition	30-DEC-2019	77.9	5
IIKK Kroksfjordur cryptodome	Zircon		Nd	0.123	0.03075			Phenocryst-Matrix	Claiborne 2018 10.1002/9781119227250.ch1 	Solid-Melt	CBK addition	30-DEC-2019	77.9	5
IIKK Kroksfjordur cryptodome	Zircon		Sm	1.11	0.2775			Phenocryst-Matrix	Claiborne 2018 10.1002/9781119227250.ch1 	Solid-Melt	CBK addition	30-DEC-2019	77.9	5
IIKK Kroksfjordur cryptodome	Zircon		Eu	1.99	0.4975			Phenocryst-Matrix	Claiborne 2018 10.1002/9781119227250.ch1 	Solid-Melt	CBK addition	30-DEC-2019	77.9	5
IIKK Kroksfjordur cryptodome	Zircon		Gd	7.45	1.8625			Phenocryst-Matrix	Claiborne 2018 10.1002/9781119227250.ch1 	Solid-Melt	CBK addition	30-DEC-2019	77.9	5
IIKK Kroksfjordur cryptodome	Zircon		Tb	26.16	6.54			Phenocryst-Matrix	Claiborne 2018 10.1002/9781119227250.ch1 	Solid-Melt	CBK addition	30-DEC-2019	77.9	5
IIKK Kroksfjordur cryptodome	Zircon		Dy	62.7	15.675			Phenocryst-Matrix	Claiborne 2018 10.1002/9781119227250.ch1 	Solid-Melt	CBK addition	30-DEC-2019	77.9	5
IIKK Kroksfjordur cryptodome	Zircon		Y	123.3	30.825			Phenocryst-Matrix	Claiborne 2018 10.1002/9781119227250.ch1 	Solid-Melt	CBK addition	30-DEC-2019	77.9	5
IIKK Kroksfjordur cryptodome	Zircon		Ho	121.8	30.45			Phenocryst-Matrix	Claiborne 2018 10.1002/9781119227250.ch1 	Solid-Melt	CBK addition	30-DEC-2019	77.9	5
IIKK Kroksfjordur cryptodome	Zircon		Er	242.4	60.6			Phenocryst-Matrix	Claiborne 2018 10.1002/9781119227250.ch1 	Solid-Melt	CBK addition	30-DEC-2019	77.9	5
IIKK Kroksfjordur cryptodome	Zircon		Tm	374.3	93.575			Phenocryst-Matrix	Claiborne 2018 10.1002/9781119227250.ch1 	Solid-Melt	CBK addition	30-DEC-2019	77.9	5
IIKK Kroksfjordur cryptodome	Zircon		Yb	535	133.75			Phenocryst-Matrix	Claiborne 2018 10.1002/9781119227250.ch1 	Solid-Melt	CBK addition	30-DEC-2019	77.9	5
IIKK Kroksfjordur cryptodome	Zircon		Lu	713.2	178.3			Phenocryst-Matrix	Claiborne 2018 10.1002/9781119227250.ch1 	Solid-Melt	CBK addition	30-DEC-2019	77.9	5
IIKK Kroksfjordur cryptodome	Zircon		Hf	3505	876.25			Phenocryst-Matrix	Claiborne 2018 10.1002/9781119227250.ch1 	Solid-Melt	CBK addition	30-DEC-2019	77.9	5
IIKK Kroksfjordur cryptodome	Zircon		Th	28.62	7.155			Phenocryst-Matrix	Claiborne 2018 10.1002/9781119227250.ch1 	Solid-Melt	CBK addition	30-DEC-2019	77.9	5
IIKK Kroksfjordur cryptodome	Zircon		U	147.7	36.925			Phenocryst-Matrix	Claiborne 2018 10.1002/9781119227250.ch1 	Solid-Melt	CBK addition	30-DEC-2019	77.9	5
